Name,Data
TransportCapacity,UEsDBC0AAAAIAG91F1WUoCs7//////////8FABQAZW50cnkBABAASBoAAAAAAACyCAAAAAAAAKVYfWiVVRg/96PtVrf5qtc5da2pS686beo082M6W7bKbOUys2VmfpU2DMyKhgmpWYRUDFOyIRUhYSZRIRQiZCNEQkJUYoV/+IeE6Zx337f79nvOed57znv2ToVe+HndeZ5zzvP9PO+bEN5zm8jDvzERxf+E2FcgxDa5vkXUiBmiVJSJcvn3bFEgqsVCkRRVogR/O2Ie/tXn/P8nyr9xSLMFv3uXDRf77x4j9u46gttIAiFCBn9LRIiLQPUtQtQAZcD+oUKcx9q5ISGRThwWi1s+Hn8reE9cc90YfvcPEGIwfhvAMxvoCgtxEvgC2ARUA8XABVz0E9AA1ADFQAr7fhXKPkuBUpb5Qtp1yQ6u8YQtWav+dd0CiyeIb0MAXyaArzGAL8Q8IcuuCVEoCqSsCWlHsi/Ja+7f0xyTvPb+dD9y23wlmWC5g+SpdW9sL3oaAviC9Utk48fUzwnYaz4tAefbfAlppUSfsxP96Oo95W5fe4T5b5Ovzg32Y5C8C29C3oNusL9svtP9yJcJuFfFT18bBMmdCbBfIsA3N7LfOSxQbYobtYn217P/62QOzpfVaXZ2l4pz9SQlPz3F8r5Svt3/5Ioca6VE5rYZZiQfSgXuEqiI/oeYDhjMjfLfHNwU9Z2M0iQ2AetY9oVSGtItJq0T43qS7CNh0JMLPiUa3RLlO2NamzBKEmjRbE2lZ+k/rnsL6uNW1ECqiaRTMhd1DZtOAuT/GjSDbRFFOwyjz8j1/OZIyUgvkrssIuTfIIszXa7r4O/vDTvQvT9cJR+KkOf/sCFLPnCc6+5WoA6YASSAVhxyCvgOaAQ2AguBJBADLnIdPgh8AGxkeyb5nqOX1b10XznLaMbWX4oeJvocoWxh0jO8n/YNAx606Dmtaj/ZqAp4yKBPuqryaCXwiLG+AOt03ljgUWO9qVXxLwces+6pN+55GnjcoJ9pVedRTC629h29ovbR2qfAk7b+TKf99wJP2fpf0fZbzHf79L+q5XoNeMbUv03lMa0/a6zvYP0nAc8F6yntvR143qLvatXyvg28YNEPtWp/fgKstui/tWp77AXWWvTLxn6aO1606B2GvruB9Qa96Jry36vAy8b6cZw5YogQFbkqT6rbXfcscu9HFIKPqSbhsAn4PdY8USwNU44VAlQtVVZx7QqHsjORkHNahPMtbuWbl3Pj2/vmXNzIue+w8AGwgWedJBAHLuGgk8BB4H1gA1ANlABRzrmTnHM7gVXAPK6tdM+YlLJDpaxEWq4t11TtvF8oO5jyrmlTstJaA+WIRd/Rpv1G+VRt0b/k/RGOtYftuLim/fYO14hs/rC85LNFxvrllJKXcqLGzF9e/xx4wrpnEt9D+o2j+caiLzLk+AlYYtGXpLSeb/Js6dGPspx7gGV2XqT0uV5f8egdvK+Za4u5rzml5aV4XmHq367m5I/Y5ln925X+e9j3Pv1Tul68S3619Tf0+4xl9eV/SsfBn8BL/ehJa9/QjGzRy1I6t6hG/IDed7itXMblshT1QfgEv6lBOMtR8fkHeE6Nmil5tjDPMfweAb02ofq1mj9Uf6b5Y97PMyT/IeY/gN8FRbCho3IgjgyLIXO9HlkVoYnEnKnzkN9R7qMJmc/UN9dbffNy1833zRXAPH5nIcYWfm/ZB7wO1AJlQBy4BJZT1Nf76Zsd7brOzud7TTvnd2g/DOSZxqRP79D7k1x3THpFp447eoMcYNC/7FT9gWr/IGvf5k4dH8OBIWb/7FLxOovn0Wz883kPACPs/mfIeR/VcLv/deh+cBcw0qIXdWr6UNYlSE+iz+Seb9IXsH9jXBfHG/RDXUruN4CJ1r7dndr+47j3m/SmLm2nMcBUg57TrexEs/J0a9+ZLt1/l7BNPHpFt6ojpQHv32MMPSgn59p1oVvboZRjyqMv6VFzwlj2kbeeho7LMXQ9MFD1uq0YZGMwci2cfpzyOqr65vm102TfjCNazLl0RcSMgzzkn5dvBTLfiq1883JuZfr6OUffCA4AO4F1QBXnXDqkc24PsIlzrhxwgFbOObNvVnHM0D1NbAcn4N27vkfX9wHMn+1fPSpOyK632/Nft86zJM8Nvvjv1nE0lHPZF//d+t7B/K7mm/96td/n8hkevb5XxVkl56qvz/Xo+KQ777Toy3t1Xq7k2cKjN/cqfWl2Hm33+R6tz1SOfd/8Z9hxOOeOL/579Rwxmm2ajf+00od62j12/Pfqc2nfFDvPe7UfKM+n2fNPr8671fxu6fN/WtvjLa5xWf+zXDSrVtj+N+zYxL7w9f+0lquO49GjN2DvV8i17YNUDjjwQlS+/dFsWijj1MvH95GPfefYIv5mEjzHCq7TeZyfw61+eNzKT4f7sCPfbuOyD9t5GjPytA77S4AUCEeMHlkCRIHTOPgwz7jreMYt5cTzemMjv6vXsk8K+XSlVTwrFemXz/qFjRyWvdBV/pnDM7u3viuj1sukVlb8Z3ReUe2/w3x/4u8z+dY9f2VUXiznXPXFZ0bH51Deq+l5MheiUiNH2j7MvXeYxVdg8eXye2GhwbeGv5GM5J7pm/8yOt6ov4yy4zyj+wTpfbc9/2V0ntRzTTPpea6eP+nuCZb8hZb8Ee65k+x7XH3Ph8DkPt8a8+VZMc4HKwZCnh/KjX2b2S6j+F3bPm/Udc6LcD2bGbCvqP99YU+/OZYdigLsMJnf4+zzi68jF/nxFa5p5r4YoifKE7NXI0Kcv/kyW2My5ime6Lu90VHkN76c7DcxJ3uO+cj+zu+kafqGyX21kd8fV/E8W86xSTfO5LxZNzskv+PRt55FvHY+qddW8tqqwXptM6+1uCK79h6v1V7Sa028du6MXvuW16p+0Wt/89rpr/Ua+SU/WwN1HpY3Kdt5PAmLh2ipkOZxjDcLh7/zRywesscJ3Pv5qvmVk58ZWdl2fkWFw57xvO0Yc8atvvqrIof81zLl4crfZ42snHt2wNz/AFBLAQIzAC0AAAAIAG91F1WUoCs7//////////8FABQAAAAAAAAAAAAAAAAAAABlbnRyeQEAEABIGgAAAAAAALIIAAAAAAAAUEsFBgAAAAABAAEARwAAAOkIAAAAAA==
ShipmentComputer,
Trader,
MiningBoost,
EMP,UEsDBC0AAAAIAKt4GFVv6F/R//////////8FABQAZW50cnkBABAAIBYAAAAAAABgBwAAAAAAALVYXWhcRRSe3b1NbtftujbXdrUr3eoqocSw2FCihLpKiKGucW3aEjH+PNRasYTgH30QDEWkNDGmIIIS+yC1PxLjPqTYYgupgtRSQoqpbcGHIqVGDGHVWNPsz/U7M+dmb27ubVfBgS8nc+bMzPmZc2buGsJqQRHCX11o+E+I2tuFeAG0UzSLWjmekH/rgCaRElHRKAwRh3wDOBE5lhRu7VYXngbEsLYQ2+Zni8Bp/BnQhRgEMpi2CzgApA3F92P8+2U+kZ76dMsfD3y09oLUKgmdakHjcpEaaCagWUhUy74uVrPmYkkt64/mS0o7lDJLfVgfaIRa2TAGwcxqilotAKSqoCvGk7epfscqxSv7T5e2BeW+QuyECveC9oE2AwXIjgA9QAaIA1NLhDgG9AAZIA7ksPcJYA/QARjAJDYcBXqAzUACuAyHDAG7gFYgClyB0lngLaAViAKTZA/QA6QB5aE4IkDaRvF/jdTdkFERwuRGfmIq7fU5onjgumna5akFuO8mP+EhX3KRb54zzbiHLkWP9Rvm3NcnOb9DPgbZqEPW7yJHrc9lXT/33eRPeMiXPOSnPPQuesjH8u7ylqxTPp1318fnIt+QX+wXn8e6B1zW9XHfTX4i7+0XN3mt4O0Xp7wh8z/2n89zwqzsPKTNyvxjyCyj/DJkfbP0MRxzNce8IY/1LTrvSw99Sw45pUtMZr1Tl+gNfLvg/Bfd4xBw0Uue/6J7nP0e8lNF93PkanexMv/IGlLyzlun/EjJu96UXOTl+S95+8UtDhMlb7+4yWumd9465adKlZ+HTtO7brvJ95nedhZdz1tC3i7OXPTyr99lHXU/LT6zXvW96HHuoy45WOm510SVfKnQ3a4zJ8jvFeIbuKv3YPKgT8i3TAdu10a8KlqtWsp3rJB71lnvHPkeMeRrKcTrllu1qHJwarEutbJ61lmklxe90XY4ZmRWKp/OOGrLT8AZBDjENhjlHHvbkvOxbQJ6hKQHFr6BNgOtLHN6TsbPXye1XGzL4lbNb0kh6972vJyvRRQNqHUi8h1qb/pN1rHLH/7LNBvw1kr9bZr0Ppws0NqLfdfEvsug0+dYvRv+C1P9oDehnBme10qDNmHe80Y+pL0HsfdWHJiZWdMk2cvAHItYfu64Zpqfgb4CX/7IPu7mM0LjdQXlY/o/of6X53UpxUH1NeU3Y4Hn9Jv4/8GgkLGlXBgo2P0f5WwpN7dTaq1j2eoXyme01kabZCPi0A5lY9fVXdeB7wnyfUqOxpEvCVuOJOd3rpW+bagwR+o4R8rNijPZ1Azk2K/2tmm50vkKcBF4E7mhc2ztsaS1dmDs3Ixp7iuoWN4NfOhbGMsE4vwNgnMNjAmOJdWFDI/PFu35YsVLryhfThoqXig5Yn9Jxb1V0QCtnSqVz8Yy8iX6620rjUK33QjSbh9/u4iW/zMOplu+0bdeB31rOWYlV6g4pDGW4nwr76bJMa+4ROQ9o7LREKuk3inY2sT5+SjdjY6cO4uzuA/59gTO5l0cp9c5F0Jc+/Sydf6sac+zmMwQccPoleP2K5Roxbf07B0qR3QJ+jrVrbm2uqf/q/q5TK6lc1USwh7vLOybgp1kq1/eYKi3a6BLzU2LtDxjPlF5o3u9Gwo1AVFgBg4dB4YC6n7cBqSAGDALZSaALNAH7ACagThQwKYXgRH+Ht/J37AJfgzS/XUM+IBzOc3nk3xRVVD1Jcw0m1d19cW8qqv3Mb+e6Tj4vwCHsO559FuY38Y0l1e5nPOrXN7O/C6mEdCjGK+GY4fRf5f5/UyToO2YexLjX6B/kPnDTDOgZ1EP9uMQDaH/HfPHmHaDXsIB/AHjn6N/lfnTTKnOngPSOARHyP4i2880i7FTGHsZdrxP9jO/nuk4xicxfg79frKf+W1Mcxh/CIfqEeTIe2Q/87uYRorqbpvG+eol+5nfzzQJmkLdH0TN3Ev2M3+YaQb0a9x9ayHzBtnP/DGm3aCXcJcPL1W5eZX500wHQI9i/leIwWtkf4ntZ5ql/VEH1iO+r5L9zK9nOo7xQ5j7G+x7luxnfhvTHMZ/B10J+6iGb2d+F9MIaD3qwuPQ4Wmyn/n9TJMlpXsn3iJbyX7mDzPNgHYitvegs4XsZ/4Y027QXvh3o0+9ua4yf5rpAOjeW4T4Ev+3k/38LRlmmsX4x9i7FzKbyH7m1zMdx/jPGD+iqfuphfltTHMYfx7xbwGeJPuZ38U0Anr8T5wh1Jk1ZD/z+5kmQTPwTfSa+q46yPxhphnQL3E26jB/NdnP/DFTvU91sVzWdaprVKsfm1W1mmpzkN+l5Vqt+jT/sKnu6V7+poxgHZ1fMVQ/+V6rMvjNon630+SOQa5lGtfptrb0/cl1yXXqPRWZ18f5Sybl7zt8x6nfU8OSarLSR+T9tadGyXbyeyki7uSqHZI3V4TvIfqdj+61C/O/iwalJ2gl0u8p7fzDuVPPjZ45/u0GtU95lTDXbVqjvM8Kfs8rXaxvF+ceEdse06I9NfTJS6Mtz4xs+AdQSwECMwAtAAAACACreBhVb+hf0f//////////BQAUAAAAAAAAAAAAAAAAAAAAZW50cnkBABAAIBYAAAAAAABgBwAAAAAAAFBLBQYAAAAAAQABAEcAAACXBwAAAAA=
Repair,
AlphaShield,UEsDBC0AAAAIACZzE1UtYhmy//////////8FABQAZW50cnkBABAAWDgAAAAAAAB5EgAAAAAAAK1bD1SVx5Wfxz9RUZ+K5MWgIS5JqSEsTYilCaWuYa2bUkutsWyWzdKUZl3XuiQxrrEky6rHk009xpPDuqQlWZrjJq7LJtT15OTksC5uSetJUw9NjaUpNagEEREQEB7/3uzvztzHzPe9D+XPPs7lvW/e75v5zb137tyZ+V680K8Tw1IGVwmxGp9zxDqRKpLxKUV9lyaoPE8k4hu/CIh4kY2SBPVdpkhX719U/2OAEKII4odshbTGCNEDqfucEC2oqAnveWinPYbQQvi4/dW3+kRu5+uPzHr55ZXP4jqA1oSqh9oJs4xBuRBvSCmptDBKiEf5m9O/lJJQDbOFWEx9QOXBaCGOQ8oh+ZAg8PWQMkgWpBONH4GUQdZBApB23FvN3LOF5pg6KiVpQ/KLaNM7fRdl9SH8qnDh6ZXC1174Bg881R2aAN/vgZ/POJ8HPhG2DKi+JCq7JECfiUrHE9dhv0rGvNujdzf+eMj01a2rkAc+FWUBj767+53vgVsxYX8T2VuEo79+1/0OHsrXk5WHJfI9ztdiYITw8oOApQu33knLN9P7Cks3zvuJVZjT4vH7U27gi148SMcT+YuXHpJ5pP1/6eGwR/srrGs3/swEfKM89JSo+Ebq2H3/Hdxf7/tFhI6Tb+LD9uvUHwgzhyNVDD5pX1uk4qMQjWi8AUYL3i7ERkjNcsTEZYg/aGQ1pOI2fF6K2HMrxUEhqqDIiluATxKiAHJkCfhBRhHYNkJqUXE8pGghPqOhGEjhAnyGkvyQknlCvAsyfsjWuWgbhAKQrYiN9TBnALJzFnjFIbZDymLxGZ1Li9GxspnjY6lPx/JCzAfZiOx53N8s1plQvpyu+qp9h/SZaXnNrHEdxYlYl9bSUC+9Qkqdz1m+k8mS7bqj9BbtA6XWmCd+BS1SrvlU2Um90AU1K/k5BnSF1HdR+RoTQ2Vp59VnGUfxTZdHU/lqLp9ntZvdKGVdq5S/uCrlszPSh3nNEnET6EOE6N8ea2zcTB87LX2UQIrRhw0tTn1kcdxJYGvEGwZRJS1GL6svGL2UtRi9FF6I1EvBr6VsbJPykW4picNO0p3PDA/in8VtF3nwL7xN20fZkCf4Jyi+oa1F5w1/H9sx4bzh0858MJRES6szjiy250pw3Abf/9WIlH9HdV+J5BjWbyFz9eJI3+VDiF892j7mwa/G4vfCRcOv/DMnvxI7V/hIyrUYo5uQf23Ddd2FiXVY7KHDrihtX0uH0ZupDbS/6UIkx4ILhuM61iGNzHms9/E53Qpy2b+R8lPEGwkdfp/q7pxYh0UeOnRz/GviApsNePDruRBp4zC/U21OPb5qtdEMjt9FPFzVK+VWrn86eqTvNrIvEs8a1PPaxUielRcNz4MXnTxLLzl5/pPVzl5Mbj9EgPjPPin/luufIU8f8dwIH1vbGslzdavhmd3q5Blod/L8jtVO+sdSPgibH4c+t3D9M/TLWBo7o6iny4Nnu8WzxcXzXWt8P2O10fixHttnMHb+hvLoy8BEhSgkiuHpxZ9o+lwNP3v5s0iO+z8zHDdfMuO7+LLO00M6V3DEn+1npRxDHO1P0uO+upv0GBWaavwhW6+D/AXZFG3f2xbJL73N8ItvN/yCnxl+n7Pq9v9Wyv86J2UHJoXv0pqpZ2JukxnXtBZrBrfTHtxOWdzq25z2re5w6s9vryfAcQHsvwd2fpzrd3Oc6nj5SxqH0M+OS5E8Sy9F2jjMc90VJ89Uq52iJilTUWfKPD2OCjqVL85kXCtfTIdvLW+P5BloNzz97U6ePS6edpyM+Z2U0eyPxVz/TPVJPnkG9fzcg2e9xfNdF8/Kzol51oDnD5GXbQbwr7j+MM84zo2mOi/S5zL42rbLkTw3XzY8iy87eWZb49v2zYJPpJz9qdblY7jO64LNfT5HPjuZ+BPOLaj9DZyjLOrwyH86rLnxihnfTZfNurraqr8H/BIxJw4A9OfkMyr38c0kP/ORzetRzzEPfjUWvxc6rfyny7nut2NQxe+lfBrzzO5ErYe6G3CcpD/GfotzlE1XPPKfK1b+c8Vp57RuJ88lVg6U0yzlEwjsPci5vz2eA2mee6bgj/b4JlsnYE0R8uAZtHj2uHg2unja+UUreC71a5tvotgwoHjK6c43fwqpBcfXOyM5VnUajju7jL03d2p+1JY9F5ZjnVyHujKgiG/g+sjVSG5T9ce19Bltr7kayS/nquEX6Db8/NcMP3c+nor5cBfuextr5fU0Lrsm5jjZPJJ02I962jw4tlgcm6668h4XT7utD8GzFXr+N9z4da5/hjxjiWcV9HSgK5LnC12GZ3mXk2dxr5PnT+3851PNsyZax7iq7hnz9BHPPOQqq7ojeWZ2G55p3U6e8X1OnletdpIxJ1Z0aZ5f4/pnyDOKxk8n6jnnwbPJ4tno4lnr4mmP7wbwfLVfysB8IR7m+qfD0xpDUaTPCvjavp5InuU91hjvcfIs6DE87fXi5vNal+Sbf0bro2vEUUx53rHmxVg6V8iGn628Fskx9ZrhKPrMOO/h/hBuv1V/PNaVGYiRqVAE7eFk9k6Pn71vQfyaUM8HHvwaLH7VFr/K64afe91QwxyX4aaHKP+5AcdJ2tn3Zcp/0P62Xo/8p9fKf3pd+U+v4Wn7YgHWvX2Yu9dh/bBG8chTPHLUKVKy2hcLjO+zOvfFxBT2CcNnP8WKgzO/msz6JOxHD1L/MXa29Xn0v8/qf5+r/32m/3aOWoB1SRnWJbMxV/wJ1T1mbBTOCaayfiJ+yfCJ+f2R/OL7LR/vd/JrGXT60fv2/hc47p6tOa7m+mfoR1Hk6w2o5x0PnrUWzyMunuX9hqcdeyuxPj23UPv6Vyi/VBzHq77peFx9u1B7mcSP92R995BNkfs8ej2S48brhmOm1p3MpbXQsJT23JWJdeohdD6rT9uxUOdSoZnEibvoP9rs9eDVafE6NWjiRP2QjrPhdZIdy86A4zPIBZ4clfLzMxqDN96b5jCsfMStg6nsn/4RFQbR/wGP/g9Y/Q9a/R929t9e45zBGv0g5psvxGiWo4MT22iy+1R30pkV2j80GMnx4KC1xhl05UGDhqft3zux7n0Tdlo8pvdfqoPKv6NmMB9G3U75OfzigWAkx6ygtTcwbPRIeg+fQe+06g9g/XhohRA/wxd3OHxITMqHHpqWD0k53X0m6lse+rVqyCP/G7LyvyFX/jdmzgPd+XQy1q67kafuhy5uJb3BiD7eGn1umvn0EvJp8DznwbPJ4tno4lnr4plv53/g+WXIQ5f0eSvVH9blNNehimfFCPK/YY/8b9jK/4adPAtDTp62z2/FmvWhy5rnLVy/fahg8yy5QUy3fD6GzlVzEOcyRiJ5po0YnjFjJqbHK8+MUf/tHDUBtv4B+P8S885CpY917PN5U/T5KeQuPO+6/an0BnYqNetTH52B56BvGaMe/R81/U8ZddrJP/70g+bidz0zYec0qViDJqHtf5+t78gfM3bbM719N8W7H/W0efBusXg3uXjXjpqzCXuv9RQ4Jvs0xwWU5yuOITGDeBpNMbES/vDiWCTHvWNWbihNPC1AechjD2Ez1j6/wZi+DTn8bJozQhPz23sDfuW0fmajkU6ycd/KkMf6R5dFpyuPi4zFka9ZYc9U/QiETD8etPMfrEtPouE3m/WzVYUysh/ZzL9kfL648V6IGp/qT4gBj770hKw9zpDTH+otnvY5EK2l6zC3fRE8Z81oLE9l/orUA2VcNSYHjdDDEdr/4Ep0f+NUnylyJKgr8/LxWX08/s/iKGZs7J+ElY2NTRzwjz8BEI4DIY+5MO2ajo35f5DqOYAYcfMX9b0dVR+HlEMKIdvnYnxBUiGjCN6JkM7Z+hm9KkgjunAEUg4phGyH8fIhqZBRNHwGUgPZCymCZEESIK3oUB2kArIVkgdJhvSD6IeQw5AyyEZIeox2umZ+FnA/pASSA0mEdMI2DZAqyHZIPiQVMgoDnIHUQPbSczCQLEgCpJX2qWlO4+cE8/h5IdJzFvpdh37mo3+J6FMD+G7Buqdx0WKlx4x+/RzRfqyp30IcO4sb/x7XByzMBsbU0lk2pB+DdAeuj1mYHYyhfYEU9GPoTj0mzlqYHzEmCEwVyB1eoePJMMoP7likMCcYk4w1zkv4vhucnsb1cqxF/G/rei4wZjUwFUgQ30R9T+F6DTApZzUm7rrGlABzfbEQbyDnfZKel0B5+Td0WysZ8wIwv4Pz0f48zW8vWvWsZ0xNn37mIBbzOj3P8BbKC76WqDBPMaaxT5/5Z+KdzsA/Qnnm/oUKc4gx/X36+YoC1EPnzwMor35V83mPMQH070lwfgLrj+/heumAwZxjTA4w+chlqjCQ6Pwwd8DoMGpAY4r79dna8BI97zyO8uKnNOe7GLO3X5+5ts7TZ7n7UF7boOt5mDG0bqYzz+fm6jPVoyiv3+VXmG2M+RCYePjYvUuFeISef0V56Su6rZcZ0wPMj6GfUKKOv70Wn3cYk4j+5eL7rQiQdG6SNGj4fMKYbGD+BfYaXQbfxPUDwBy8pOsJMaYImC3Qz+cRO76J68eA8edqW6wY1JhyYLqw1q+ATSg32I3yxj1LFGYtYw4D8z6+//E8ff7wxqCx6RbGnAJmBdr9KcbZV3H9Acp7irX/HGAMraXpzOJuYOiMoAvlBZ/oeo4xhs5G6DyCnnujPdBFQePzZxmTBcw9SGCiIZRPrgKmNE3rZ5gxtC9wG3y1AWOf9tgeBabYpzHLgxpTBkwcbFEdrefJ54PGFmsYUw0MJQzRc/Q8/HrQ2PQJxjQA8y3Y6hewxwO4/nnQ6OdFxrQDsx3j9Bno8Eu47giasfMWYxLA/WnkKd+Erlfhej7yldr7tS0+YgztjWSgrpdwfT+u7x0yeh5gzEZg+uBnwWGd02waMm0tHdKYncC8B0w74sZ9uN41ZMZXLmOqgKGYuARyL65fQ3nKV5MU5nHG1AOzqwecgPkCrv8X5Y0/0eNiH2NagVmEWPev8MM/xnWbVc9RxsSD+wFg/hl5Qwau54B7y1Hd99OMSQfmRJTei6e9pAxg/Cm6nl7GFABzESYbwDqH5uUNwyb2Jg1rzHZg/huxpwix7m6K28NGPw8wphKY3fj8PHxxJcVtfM48mqAwjzGG8puv01kz6rqLn9evfniuwuxmTAsw/4Ax+BLyUtrDuIDy0o/nKMwbjIkB9//BGPwP1EP5Txzey0c15gPG0LqZ9lTujtX7NbTeKD9UqTIOWiu9Blwl3v+Rc4PngU/kz1H2swacY+fwM8sqTuDeOZwzzbfWIduH9dk6lS+wyvejPJrL7XXLYQu/0CpvBZfj/FwZPWPchv7VvqTzrKMjbH/cG8Ai//tj+ln1Oeiff9csbX/G0F7gCYyhtejQ7ayD0pJ4bX/GFADTi/m7EHqiPHoDMAVJGpM0yvantjBeaQ28jHx/zOiS+HeQ/imus37IBl66jHbp8fCIXltQ/+da/a8b0fs7kn8jES7fO6L1SuXzXOu/AL7LX8b7IDRuSS/98/X8x/3IAeZ+xNN74MdJNG6BKT64QPMc4/kPmMoO+Bd8kPYUHrcwdzGGeGzAGB27rPu5z2rrYcYcASYOvnytVZ8fvxUyOqNnqpcDR3n0Bp/WRWhk8v7XPKr1RXqYZemBflOxkMvjrfIE5iR1aB4vP2PVM8elz8347lHEn5+0IRbRvEX8z2k9ZIQ4/wPmJN7vxM00Dg6gvOd5rYcNjKH1bxH8GaFS5e/HUF6druPdDsYQj6+Aw9u36Mz+rFXPjxhTQfsccKAHQXiuYrgUvhdvrQWMxpbSPG3p+kXcW4b3V1h/W8Ym5595IaNP+3c+RSGjz1h7/Fv4OKv8OK/HO/xCPVf/Dr4/WDFPtbGL624C5hXctLJZ1/mJNPPCa4ypxHsFdPne7/W1fl5f7w1RvS3f1jo7zfhTtE+KDr7fquMP4edbeMrHzLPUeu2m12s0r+maaQ/gjvOSN3qX4psb6zzAOieP8POeFeHV/gn1y3qefSJ/r+U9g0K2hf5thNdaMYF/9xD5mw1zj5urX92z0OO3P63S2NX9251k9RuWiesL3xftuq+W16bp53RbpAltu3hVU+I4fo7Qs2W8sk3YB6nF9evz78m8L/M+fZd/3Db2i65TJljXpXNdx8ClKNen7Excn2U7JfLuYgLqJjvZGNpj76D7TgpHGd2X5LovrVpE1J00rjWNob4WgRTFVtP+xJidSsMBC6F/I0N6bo41bal5B59r21NPfmfgSyeT4jbm+kWSpWv/+G8pwn3ws9793AvS+4l9d588feTWkz9b/17u/wFQSwECMwAtAAAACAAmcxNVLWIZsv//////////BQAUAAAAAAAAAAAAAAAAAAAAZW50cnkBABAAWDgAAAAAAAB5EgAAAAAAAFBLBQYAAAAAAQABAEcAAACwEgAAAAA=
DeltaShield,UEsDBC0AAAAIAAB5F1W+zuIX//////////8FABQAZW50cnkBABAAeAwAAAAAAABOBAAAAAAAAKVWT2hURxj/3tuX3Zdk3b7GZ1gXiWlJW5UoQSz4J2iUSPcQ0IOCtFpKLyJ48JBDDiF48OChVKVCpReDiETIQUTEg4dCqSh4KCIeoodQpCylBw9SQprs6+/75nu7s29no+DAt/N25jczv+83830zMaWlh0r4DSnAF9G5XqIL0j5DR2k3DdMI7ZL/o1SmKk3QFhqnIfyPaAy/zXk+vARaF8FmBvXLUxWa/exzennlAVZjBkSehX+VI6rBprqIzsO+g03BiUW0VTZ6NPbPjePRnz9v6wb22VKShKhnPyJaj3oamFHYkk/0FHYTNgmrwgZhr7HQQ9g07ChsEPYW4x6T0ecEbFg5v15JEtYhsYqf4Tq+miTlDMaFO+vA1R24qw6cpxgvo2tMm6gsXGPRkfVlvvb4hSehYLPjVzrwzuKG6m7eLj7HknfrxWXagXP7FzfOj+1f5Bhrl1eO+bO4WFSK2+aOO/iall1Jux6+/rdxJxP3Prr4TrwH3/nEvV9Z3PMO/OqOdc35adfAxbvu0C927M279NuN/5ybilZuiiRbmf0/KTE4gQw1iqykmtMgmJpSRnRG6dmU9UZ09dZSoHymZYvEtn3MmF+OOcE451UzI6IviFi7PzJn84H4nde8lsfqQctqXRwLsJEGR6PTMvvu54HtMnh8h02mfk20oYCxi+Y7KYhORaDC1MfcsHjT7nN7KQBnXC1arfdAZGsfUQlEOYeyBm80L171jM8RSNS0r8YNfrrPkazLPvOc14Qfr0S0AzllCvWCpRf78u9/4ouX6uBbXHzxxbSX6gbHbXt0Tlv3/Gqzn++Mbqv/Itaofkx0pNvweYPc/TvuhF6Q/A1aDuYM9tdH2+lCjvmXxZdY/fAad5Thwn7Xsd6kw59HK+3+LJv9ku8hbb9v+Po89rCclOY8t1ZMXO5X/Ww/j1ncWYP7mPvO8z0y5wz6uJ5C/eNGormCmXcBmNmvdwrmhmIWUX+PYD7eY86kibtQ2Mmb4PY+wT9T/FPUv3xCtD00/ItQJ4RG6V7fU33SXD2ANS9bbak+f62uvd8cayae+xHZ5nxHjRdHAa0mTnnOPh1j61MyWkv/Bo23tP8y1r44QHSqx+zhEs5UZTN4QM/rrGNgsIunv9Rz0Ndynmua/8x8JXwH2h/Le2rO4e+L+tr+nrD8/bSzv3JOep13fb+MX0undbp2Ou4aOH2LQefXaTxD6UDHlzEbx3KqyxlHfEQ0oHekie7IWosauTh925WoktFpPqNTpOcvkoxXlPOX1cyzNKtamlXUd2pk/qZmHB97W/QqybhA1SqpB4c0pm3+IfY+0IhItfCUZ5+wCoUnc+T3qGYhubfy6h/HR+DIxdz/kN9z/Pbjd6K+K2PlGGc4/jBqYr2gee2u3ptvvWbb31abp208V39DezNXigksTNwBk1dMJLNQ45RFui98R3a37J9hzbrMfPPVwZ+WL41tioMD/wNQSwECMwAtAAAACAAAeRdVvs7iF///////////BQAUAAAAAAAAAAAAAAAAAAAAZW50cnkBABAAeAwAAAAAAABOBAAAAAAAAFBLBQYAAAAAAQABAEcAAACFBAAAAAA=
OmegaShield,
Teleport,
TimeWarp,
RedStarExtender,
WeakBattery,
Battery,UEsDBC0AAAAIAExxFlWlKUyc//////////8FABQAZW50cnkBABAAiA0AAAAAAACfBAAAAAAAAKVXTWgdVRQ+M2/6Mmlexts4jc9HiKFECSFKKBVSDfaHCG8RsJQWSmlFVyq46KJgFyEU7CKIQsQiwY2hFFHIokgpXQgWi2kLXZVSpHSRRZG3KNJF0bS+vOv5m3k3824SoQPnzcydc8/5znfPOfe+FLJrOyT4G0OETwDzFYBzPD4Lh2ACxmAc9vD7JFShDtMwAlMwjO8G9uNv287zX5HeK4hmFu83T9Zg8dXX4ObXV9EbIQAIHP0HJYAGykIZYBHlLMpCD8AKjnW9HMD+RxeOms+/HcUh+Pkfa2O8L74A8CLeZ1BnEmU1BLiNchHlNEodZQjlITr6BWUG5RDKEMoTwgTCzzGUMcX8sGkt8WCdKyxgnVqztlrQ8el96tFrefTOe/QC1QkKvKYwAFXGmjKPxC/hdeffuBWzbnF+cwPcRb3hlh+3D88RuzVfdM149PzxpXn+uPEZz1z3euCxX9RLmaW0w3a6QazZtcd28hHqu6t3wvrX0Yd3+n/gXbL+9Srq3d0AX8vjV/KnkwMf7paHv9SzNlvxR4aoN1Wc3mS4WwEQzvOofILrcAq7FPUG6kYD2KuGGJf4HuM5nJ/8O64I1l9dUC6MjHB9I8IwGyGM1AdJFlAmCjP+Qs0S4UKZQ9nGMUcc928cC+T1RWNfylhpjL0ZDyroQDmiUMh2L/MhjGbdM8t3Ar3LzbGn1tYw9C/wWw9zNo34J5G5uuQqcjagutUCZ+lzchYoV7Q69cKMUy/JWl51avqi8hOhfdkPyug9WuetpHtBNY++jPhyRGHDMrcRzV+RZ1vmPKqgVpzFotxvzbzLfa8zevmZtd+NAvSvWtutuB7rvkH5SbEZBNHQb41QkldWzbBfiq2iORWzJ4A3sOeewft9hxeK5e9/OZYgq6fQwRJyLDKeSG4FNLZXbbq1VV5rfyceu53vc+ijvgPgvW7B8xj3tt9xz+xBkNeRy6GS+Lq2/DocLhH+KseSahxBvocLFoq7hf5Oe+JZbnbG80zWi5+HdfyK4A1p7ru82m07PzQl399R/tw4jzjYiYMraPvS3b1scxa/0f0M3i/txs6BiUJ276PO4vHdrHNBdVaaUj/ntK6lL8WMjvrRqZ/eZv07qn+7KXlhnsp7BdmJucaFo8vKT7aXDaLPeWcs4+fPtc3XWzoeXf1YwZLfJj+RdeGotByy2adzXH4S4Zq/79TYsu/z6HtuEODkdlnDVcyp2iuIA/n8nniMxN7KR29qHvSty+eG1qfYS/A50u8pnzd/9MR7r7V5vMeceHdtHC/nSY/3LNTP8zfjqVd9Z/MWENP7OOlsr9YzMh3p/Cpao1rOePnEUx8GBvUMIdVtHF+Q99zs7JtArcDTUoEno/lnuONVOP+KnAUOZ3WHs5rGDnmHb3NG9fHWOr4SnhcpW4lGcFBr2sUf49pHWhEZF4Hi7GNUMeMkjHReh7xnS1+XPd7kNor/CZb0zD2Z/99I9EzRxvbxQekL27SfGYdJo+de3p93yL7U7XDZp5YI4zefLR8Y/+DGr4ejaJ/4aVtJNO4ngeunX9dOsBjFXPRhHB9/7Lx+4KsPJ66NLo/s+w9QSwECMwAtAAAACABMcRZVpSlMnP//////////BQAUAAAAAAAAAAAAAAAAAAAAZW50cnkBABAAiA0AAAAAAACfBAAAAAAAAFBLBQYAAAAAAQABAEcAAADWBAAAAAA=
Laser,
Stealth,
HydroStorageCapacity,
MassMining,
Unity,
Fortify,
Salvage,
Supress,
ShipmentDrone,
Destiny,UEsDBC0AAAAIANl5F1Xeb6rN//////////8FABQAZW50cnkBABAA4BcAAAAAAABcCQAAAAAAAKVYD0yV1xW/PB7wgAc88YkPfCJT2lhL27dJHesoA+daRhlhrW6koQsxxGyWdawjbeNMYzpjjCOWNKZzRg3rmGk6YogzxnSmaxq30bVhrHWsMc50lbW0Y4oMFZ68d/c795z3vvv+gC77kvPud873u/ee+7vnnnvv8yh+Loa1nilRqh7vtapRVaog3irMt7WK7JuUH198KqA8qgYWr/kWUlWm/KL5dQOhVDvEB+mBnHUrNQp5N1ep03lKTaCsRz/DsGXie4b0X1+aoeomX9ny60s/W9cCPYDelGmH+ol56YYdvka1Jus/IKszuI1YO2P/0prQozlKLUXpp/7RUS+kDbIW8qFLqVchnZAg5Bwq90E6ISFpbBRFP6QLUmN6Vqp5XmtiRctDSCppHC7Lh9hzJgkfw1KZDj+ZBl8APboAPhhJ336GSuSEnnFgA0nYijQ4enoiC/udjD8Z5XbScRJNg6/UqX4UpOGveQFcOn/9EituiTsv4sUv73b9BD9MbAdNRPmlTuKzFBil0s33couLRD+CJnLdeLP9SB7H5yxuEuuTVzGflsbrVywSc+n8qNap87dKeFvI74Dh79Z+p6s/oBeOl3T4cwvgXWl48RtGUjkNpvEtY8H6KoXT4C1iVsUzTraJK6XyJBO58caxtVRi7ruoWAvnKzJYrzdtZtBwVFj6oSzZCtkJ2ZzEhy/A9Z6TfHN0nvObz/jP48q14p7KRyD7543vcZvxk22Z9D5707xrwpZTTowwnrDb7TxyRevHipT6TZZSlHvbkO1rzD5gvqpqcBiI81ll/OI1xDuAs3py4m1mq6ykUa5Fu6b3OL234qVtRSIvpyK3x8uxSCovgYjDiy+SyMtE1OFli72OprQOI+k8iZn8xv/Fi/PkgJn0vPAwsiUmY7z0LsLLXuFtJHp7vLwRTeUlFHV4WRtN5MUnKy62EnxW3Zcsf9qvan2oUKn38aHZ8NQEnmpxYhAeZQ0qk1MSefL/zzyZrTAeP1mKzyxdct6wn5b7OKfUZzhcVJmXQjlX0Kg80HiUi/HXIlHtNRnB9lOpA5BdkG5Ih8xXo/Dbx/nFVWVGkDrO1CfHnLdoeLTPXJT6H0sZptKVbdaX8QPvHocttwd95MAi/WRyv774LMYezyL9tlizTk/tf7S+skSpt1wcR2516+cLkA+QKAcg3ZBGSCdIrYX4IZMe46y6AAJPQnoh45jMM5ADkC7IJkgQMkPnR8gAZCdkM6QK4oZcQO49Kee7TsrDED9kEr6ehRyG9ECaIZWQ+Qw+7w1CdkPaIdUQL2SczmwynxRPm2SfoBhrh//j8LcHflaA7HYYN17X+s3cQsNHNt7NXjCj9fhlrRsRSE3QtxFmh89g1gmmF5goMPfjHPx16Ptgr5jhdloEMwTMD0oxDjfH0nHYO/qKDOZpwZwDphsOvoCYeBj6e7D3ZXFfLwtmFpiHEeBetPUQ9OuwTz3Pfb0umOA1rbdgXHcg4L4GveyG1kOPcTsXBVMPzO5/a/1NxALxUgfMaIjbcd1gTCcwB4EZQ978KvStsPf/tsBg7hTMXmBCwHRgsW2Evgf2D4e5rybBDAJz6BOtr8GnBuivwa6OcV9PCWYUmCvYswrgH63/Edh3XWR+XhLMDDD9mKsG7INfgT59w5mLU4IJEB/Y/3IntK6DXjLrzOl5wdQCswyYo5NaPwj9AWBav8d9RQXTAcxdiI+70Q7tD98BJrSCMatnGbMbmAfh8xGM7cvQX4C9YxXz85BgXgXm21jkb5TxvePYrBMb2wXzLjBrMOdrSvje9adZZ772C2YKmDbEaCvmfQP0y7CP/oIxJwTjh+/nsSb+iHbuh148By43ss9jgqkB5j5glhfzmt4ATH8VtxMWTDswP4U/nwLzeeiPzzkxVj7HmF3A/BUvm4p4Z3x+zuFno2AGgPkz9uZfoh2kbvXKnBMb2wQzDMxKfD94lffIP8w562KfYCaB2bYM9zzE2d3QP5tzYvW4YHzw/cfYR1/EOlxHO0LY8fk9wVQD8w74O4J27qKcBozvRysN5rpg2oB5H2euJ8H3ndC/BUxrUbnBlIUZsxOY7yMGa7AW74C+g/qq5HbqBNMPzNt0ykRJ++JR2PveLjWYrYI5i29ZmNPHpzH30N8KO+tij2AmgPkU89mPWFwN/eOwsy5eE4wXvi9BfDUgD9O5OQ+++XbkGMyIYELAnEfeeB15j+4O9wITGmbMtGA2AzOUr9Rf8vm88Cgwo3/n83LJTcY8B8zvsNZPwZ+V0J+BvbvTYzAPCOYwMOuxv3zk5nxL599dLx80exTtyYXAHSYf5Hw9Dbxf9iFXwlldmTNCrdyZDPdhvjvTWaHI2tMPwJ4rdp9lH7TwSyz7fJjrk7046Q7ajm+nwcFZ5JoVtPYjjv9UZ0T8Lxf/T4Rv3//am/x/BvWbb/W7+SbfU8jutexdlr3Asp+x7IVJ/gfxrRGxSf6XUtzC/6kCL+f/ecn/wIzhEPJP+L6M4pbGOJ/HY4hI/gdmwyXkLs3j2wr70A/zOf8LZi8wT2M9XYFO96c9KPubGNMkmEFgnkAePRJmro9HHT5pTsojzGeN8Omav30+e4HNEx5yLB4G5p07q8fmzbLbZ0JvhOOG7HlJfHahTt8En7XJ3+3wv3WW+bw3ymPsAyYfOWP9DM/T/qjD56OCOQnMPchz12d4jk/A3reGuXpGMB8Acxk57PdzHB9jsHcc53YOCeYAyh7khfA19hUzjHXlSTrlMWNllKstrvehLt0x/ib8PRVJz3VmEs8zEYc3t81b1LFnWfZKy55t2U9HODZr55j/U/ge+hKPb4e0fYFiCY11XuI2z9N/Wz9hvo8K5iCtf8TVzEes833eY7wlTmKcjQh+GGUvnMj8jP0ifKGF97V7hb1s859AtrDpUcXQuOUNtB4+0XJhKcOXxTkPCOd8P3HLGd1r7idTNC7hdjq6cLwPyT2oRuYiiBuNO+2tw2tybWbSfzrj2onr5P/agua/qXRj8CW05UqpF7itevb/wUN831FT4+wHseCWm4vXuqfxPLqNPc+KP+qtpaX5ntD60Hqu5YvPi0ribJDOZhK/fuHfL3dDL+oR/28+gTOQ4vz+iPG8LD4mn/w3Rf5PZNoY9q9YWiL/rpbmNDy7rrr+Wf1OHffjtBLLy4ltlFjj5hu5W6X24bP6+PmqZQ2/Uln13cvP1P0XUEsBAjMALQAAAAgA2XkXVd5vqs3//////////wUAFAAAAAAAAAAAAAAAAAAAAGVudHJ5AQAQAOAXAAAAAAAAXAkAAAAAAABQSwUGAAAAAAEAAQBHAAAAkwkAAAAA
PassiveShield,
MirrorShield,
HydrogenUpload,
HydrogenClone,
MassBattery,
DualLaser,UEsDBC0AAAAIABp4GFXx2cGe//////////8FABQAZW50cnkBABAACBgAAAAAAAB4CQAAAAAAAJ1YAUzU1xl/dxxwHAeceCLgSVnFxlq010Ed7ShDx1rGGGWd3UxDF2KY2ZzrXOeMsc6Y1hjjiCOLaVijhnXEmMYwYowxHdnMwja7NY511jbGWdeylrYMmUPkTu5ef9/7vrv/u+Oopi/57n/v+//ee9/7fd/73nt/r+LyUVTrpsVKNeJ/vWpWVSqEf5Xm3QpF+iYVxJuAKlVeVQeN37wLq2rz/IL59QChVAckANkCOeNRahgS8inlzVeqDs+eEqWGoMvCe5eM31jmUg3jLz85+sCvVj6OeilGU6YfGidhpQd6pa7EtSbtvyF3Swe7P9aaUCO5Si3EM4j+RzBAN2QDZAXkqlup45AuSAhyAW17IF2QsIuNGcGjT2yvMyMq1TqrNbGhpRCSnmS/25pDogyl4RNYembCj2fAF6AenwcfimXu32VJoowCW5qGrcyAo7ItNr/d6fhTce4nEyfxDPgqPdeOggz8tc6Dy2RvUGLEI/HmR5wE5b/dPsUOE9MhE0lBaZNaFgKjVCZ/L7a4SLUjZCLWg3+2Henz+JzFTWp7siph08Jk+8pPiblMdtTquf67S3ibz+5Sw9/t7c7Uvl/PHy+Z8Bfmwbsz8BI0jMzlNJTBNte87dUcTkO3idlEqb9F732SfTz4x3FFuSUb0omga0XDVglgikH/LPeZ6IP6DpscyTmxNo2PCTfnwA0U95ClkGH0MWDG5uKS+D7Ouiz638f/NdlBa2OH4Am73fbPhNZ/gNFDyImPm3HakdMou7dyvAhHyvi82syP1wjxF864OnJVTppmhbFf3Jict0fyZ53iPcUuV1cL2JW6pscon0POIQ+dnHU4oBH3m32JuawUX9AY77Mf3VF6unOAzWYL8d/rWOse4/481cbiYHKuKrmTqbS55pp9j6azAz+Xs3ldhGPsB+4nkGzrlLmMJfpxiY8TpWlS6w+xFx6Df9ooBuKfLX7oXTuE1roHbSZic+NnLObEz9VYavwo7cQPlTW2T2DjpUKlzuYp9XUTQ03Gp/XGqyETQ6XJNZcaQyolhnKV48/seWLIZUz4mcy9Vua8VeIo09zpXRekwszTY+Y6Ec8w/7g1/3jq/APJXYN3k4DVlspvrXFn/qf1Kjj9LR+v2c/Oxx2tKWPCC5KvamUNHM+wphJ89EN6k3zkmLkT435Tc4pL4t6L31z8ik1WXHvVpxcnrh0eA9ZqSuXxYzu3/l/rmnzm8Gvin9uVz0PeBr4fshXSDOlCTNZDgpBxmOuBXEaYnYJ0Q0Zh2BDkEGQLpAkSgkxhwNch/ZBdkPWQaogHchkknpJzYxekHhKEjIPfYchhyDY35/0qyKyLz5EnIHshHZBaiB8ySmdByCE5TzbJ/kN8dcD+Udi7DXZWwjEdUK6b1vpsXqHhI2eac+j3prQeRR5vRoi2oL6JMDsDBrNSMN3AxIF5ELnkq6gfgL5yivtpE8wgMD8qwzxQaUZ9APrOniKDeVYwF4DZCgOfR6w9hvob0Pdk81gvCmYGmMeQD/zo61HUp6Gf3M1jvSqY0A2tn8S8luPA9BXUy29qPfhN7ueKYBqB2ftfrb+BWCBeGoAZCXM/7puM6QKmF5iLyEFfRn0j9H2/KzCYewSzH5gwMJ0ItnWo74P+6jkeq0UwJ4B56QOtb8Cmtai/Ar06xmM9I5gRYK4VIY5hH62t89DvucL8/FIwU8D0wVdrsd9+CfXrNx1fnBZMKfFxTeu8Ma0bUC+ZcXx6STD1wCwC5ui41o+g/jAw7d/nseKC6QTmXsTHfeiH1vx3gAkvYczdM4zZC8wjsPkI5vZF1J+HvvMu5udRwRwH5tvYHH9fzjn02IwTG5sF8zowy+DzZSV8j/vrjOOvg4KZBGYDYrS9jPeHCehHfs2Yk4IJwvZLWBN/QT8Pol4cAZfr2OaLgqkD5n5gFhfzml4DTF819xMVTAcwP4c9HwLzAOpPRZwYq4gwZg8wb+JPUxFn1d0Rh591gukH5u/Y636Dfu5H/eWIExubBHMOmKV434u8TrnvzxFnXRwQzDgwmxZh30Cc3Ud35YgTqwOCCcD255Yo9Qusw5WoF0Ydm98QTC0wfwN/R9DPvZTTgAn8ZKnBTAtmAzD/xFnlB+D7HtS/BUx7UYXBlEcZswuYHyIG67AWl6O+k8aq4n4aBNMHzGt4+vCkveco9D2vlRnMRsEM4102fPrUdfge9T9GnXWxTzBjM3xG6fPy2ez9qLMuXhGMH7YvQHytRR6m87gPtgV25hrMecGEI3yOeNXH55TVwITPMea6YNYDM4h94R/5vH89AczIv3gPK7nFmB0RPtOe9vJZajv0W7u8BvOwYA4DU7NAqXc9nG+Pgs89L/aaHY32pELgDpMNcm6/DnxQ9iG3ted45GxeL2dOw32U7+S0HxdZZ4RD0OeJPmDpT1j4BZZ+NsrtSV+cdrftwLsz4GAYuWYJrf2YYz+1OS/2V4j9J6N3bj/da7wybr417vpbfP8hvd/Sb7H0BZZ+yNIXptkfwrtmxCbZX0ZxC/snC/yc/2cl/wNzEYf3/8D2RRS3NMdZH88hJvkfmDXvIXdpnt9G6Ad/nM/5XzD7gXkW6+ka6nQ324dnXwtjWgRzApinkUePRJnrgbjDJ/mkIsZ81gmf7tk757MbWJ/wkGvx0D/r3IW9Nm+WPs/S+2McN6T3pfG5BW16xvhMS/Zuhv3tM8zn6jjPsQeYfOSMmin208G4w+cTgjkFzCrkuekp9vFJ6HuWMVfbBfM2MBPIYX+KcHxchL5zgPt5STCH8NyGvBC9wbbCw1hXXuvs5zBWTrna4voA2u7C8y3h75lYZq6z0nieijm8eWze4o4+29JXWfocS38mxrFZH2H+T9Md6yGe307p+zLFEjrreo/7vETfzF5gvo8KppfWP+Jq6l2u87cCr7GWOElwdl7w5/DshhFZH7FdhC+08IEOv7CXY7435CTP58Wocc9raD18wPmEOC++DeelwjkynqJdzyu3XVqvkzQv4fZ6fP54H6TvgnL/4i9nwWRPqcVvcm1W2reiUe3Edfo3vJD55pVpDoGUvtxz2pXeUTv7+/Kg3HEnR9kOYsEj93W/uaslsD7FnvYavyTij0Zra2tdFa4J13CrQNIvKi1u98qdnG+V5UlbA/LdIUu+J5CNbcmbp894mqyhcctuvtO4efBgY/47zzWQ/4JWL4l8O5bF+yT3UWLNJ5D8PpI+RsAa4+yb9WufXv7Txu+2nGn4BFBLAQIzAC0AAAAIABp4GFXx2cGe//////////8FABQAAAAAAAAAAAAAAAAAAABlbnRyeQEAEAAIGAAAAAAAAHgJAAAAAAAAUEsFBgAAAAABAAEARwAAAK8JAAAAAA==
GuardianBattery,
Barrier,UEsDBC0AAAAIAGpsFlWRTyA///////////8FABQAZW50cnkBABAAKCUAAAAAAAD/DgAAAAAAAK2aDXBU1RXHX8KSBLKEFWJYcI0RERWjjYgpYoSMpRQVabSppUg12NgyDlIExkZESpH6mSoy1CJNbQZTaymljGYoonUopYiINDJIFQFTRARESOIaQ0j29nfePZv3stkg2i5zOO+e93/n3fNxz/14CTny6+1k8X+GE+DKcWae5zhjXfloZ4JzoZPH1RC3ne/InfFO2Cl2sp0ITxQhsTpGOAUuv8r9P+D05WnHKeu476RM57/ano6zAZoSRM5LK+C1gx1nHbJ0AVmsUzyQq5Y/nv3O3KeGHaEd5n2Oqyvo9tTRt4T5f+inxoh0Af/tDto7g/YZI6iyXo4zAB5E/5aA4yyCSqAwVNfDcaqg8VA2dCDVcaqhedBIKAOqpRsLoBIoA6pDVzUktox0e+A45SeNicCN73e+2pLqsyn+25mAF4jw9G7wm5LoP0PbyfDRbvoTS4IPtBuT9wV9SdRf2tZVf7oPm4iXTAm7vsp2cyFI/LLdmHbWMaSb5ze1dW9/Mny0rXv7E/FD3OyOuJmUrX3r/Ovv5n6yeJ2VJF5zkIdP4ZvOfsnWLHY6+SWU8Lz/uZ1J9Pt9keh38fIX+X2wzzf+X1Esud9Tu3nf9G7wKUnw4veIjuCv4vdk7z8a6z5PkvvH9sL2oX+Hf7obD7Fu9JSb7v2UzK9LTff1IhGf3clPXh8jp+hj1+e75kAkydgTnqy/LSfkHb218to5IqR+SoOep7auIonXUEPXYfQyFExBPonZYyQzxHjVM0JtsRmYH58X3Dhnu7NH1yxId9/g/12IXvmlxuKSeB0sgabJ/JXwRHzsLUsYgwtcP3g9ynD7EdIxGXTviN5ysTHHi6fMAaknXb+7vx46M4Z0LL8Qc++lBi0mRWSrrMzNix32uqMr4QPGlB00Zi2OPXJKv0k//79+6+nqt1SU8MSaQmvzzgS/vaLzRlqb54N09ZO8Y7zOjfmaI2J/2GJT5XqdzVlzDv/ts9epB5W3Ck9No/c9rQVcZ3jWBMqsnh75rkVd7e76SwdnzT3XJ6380Jim/cbMZX1wWOp2u+hN6eSbfLVBbCpI0Hos1ca9VO3NJqY57Z4/UuJ13cp6yHWGvXZ93geqb7NjTXLqKn+kcMaSemPG8NBH7vvHuv4sYtUlGSv5EO4Y353zwfnS+dDZ5gLVMEVzIpnN8twE6Dp5E89kxbranRHz7HZine1+p92z+7c+/XkfGXPHIWTIP3TfU6x2O1/S7vQOnZJHSe1Oibkpff9XsDvg/kO36Wq3Yzy7WxLsrot5dn/i0x/G5mNQHjcO/E92n368H9C6X6BjtSbJ+I/bLevdpa59adZGeNBtda6xdn4I8u6MeH90nIZOY6R64zTur5DOWPG1fsg3R/rzZtJhY55mvFyM/IN4HL7gJ7UqQE3fcibxZkIMQgf6U9ugdf0cZzE0DSqGwlADhXsLVC1ERyqgEuhCaGxfogRF2c9sg2qgeVAplA8FoD0YVAtVQjWYNA8qhfKhALQnk/tQJTSdeWAsFIGi1KdtUA00DyqFpuPKsVAEipLq26AaaB5UCuVDAWgPAaqFKqFyqAjKho7i4E1QFTQHmgANgdpw3M6AnctlnzQFGgEFoQMkwivQUmg6NBaKQFFyZBtUo/umUigfCkB7Uuz+qRIqh4qgbOiorOmhKqm7OqaG6Kg9hK8r8HFZX7s/rMIfC7C5ipvHPjampG+uG9+VXAsvha8GN/8S6intfkeNWXPCYrYrpgJ+F3rfvNhx3qddCCYvM8/FNCmmCn4t8/X96NpHezKY+vaIi8k5ajEbwGwM2NjupT0f+Ya/WMwoxRwAczc5tJdN5x7aK5AXf9++61bFZMDHo+M6cO/R3kx78SirZ6Fi8uEfQZW7jNlN+wjXM7dbPc8ppgR+zXFj/v2eMe/SzvqEd626wMVsVcwc+ELGx5/w5w7aw8FsePJcF3NMMcvgJUzEK8jlt2jfDGbSgMEupt8nFvMKmD+wThmaaffAc5GXPXK+iylUTD2Yq9435h7s+hftZwRTaGMxWTEB+DQm4u/wru20N9Ku3mEx8xVzIXwymCJ89Cbtg2LXVtufFYqZAO9FX25k7/+anGAcw67UIS5ms2JmCqcvS1qM2Uz7UjB1F1nMEcUshaeiZxRz8T9p3wRmcczalXXMYtaBWUgO3v+ZMZK39yBf8NIwFzNcMXvAvI396wc5zsu0lwvmMxuvmxXjwIONxjxKn9bTfJV2fYntz1zFDIEXY9NsMC/R3u/T84xixsNf/JxcZVJYJ9WYHFjz3nkuZqNipsMb6c9h1hJ/oT0MTN06G/eDilkMP7fJmKn0fTXtice9/vQ+bjG1YF7jfuURY/5MexZyJ2Rz7FLFvANmKnTfB8asov0U8pljbH9uUkwb95dy3U6t+z3t9dKf5UNdzD2KyYMPwK6NPe18tM/Xn+WKGQv/JnF4jdrzrCwPG7zceFUx0+D78XM7NWiFnA81eDm/XzGV8NnUonx0/UbWMmBCX7d2pTVYzBowv0DH69i+nPaMBi8WwxSzE0w6daMV/jTtJT49ExXTwr1VYN7E17IHWdvg5dgsxUTg28md27D9Cdq7Rc9ma/tTiikWGZh/sEh+XOZB2g1p1vb1iimHR1l0X85c+Evagxu9nN+nmIfhq8E8hG2VtMcJJvMiF5PaaDGrwNzYbMxFvOtB2ncib/jVOS5mqGLqwLwIrcCuX9B+HHnBcOuf6xQT5X4EPd+NGrNI9kaNXu2doZgw/HLyYzmYB2jvavTyeYliiuDvoecGxvJC2q2NXo6tVUwZvJhcnQPu57Rzm7x47VbMIvhe5KVyj/Y1Td64iCnmefjt6KnC9p/R/hGY+oOZLmZwk8VsA3Mb8+8drFllDnsU+eKlfVzMOMU0gHmZcVzEnDCb9mrkG3pluZg7FZMNv5r6k8PYmSV7Q9rFbwVdzOOKGQkPgfkWeXg37WbaBSst5gXFTIE/wrvm0x/Z/w6ihqzZb/uzSzEL4Jcwt/Zn7/MTOd391Otzq2Jq4HNYozxGn2fQvh1M/fdsn3M/tZgtgsH2Rvp8l4xx/L3gqWXuCk/WqVuJo8zt301xOp7L1nVZqv/sUdfURb594vSoPccwekYS33cuQp6l8rN98qqo1S3yXJ+83KfnnIT968P0R9YWv8dXco47DmzdxF62f1HNfzCZzEGX0YmpEq+o56uhiqkT34CpOMeecz8e9Xx1nWKiYBbhlAvOZ2xLvKJeDsxQTBjen7Xo185jjSDx8ulZopgi+F/BzGGh9AOJF+3ql21/1iqmDP4kmKxz7T4ml9pW0mLzZLdixI8vUEM+x65bJP/BNMy374op5nl4GZgr6PNkmeNaOsd3JfGWM4EKjW8smjy+sj9YrGu8xDiXNnvxyfHFZ3qzF+cB/vj78GF//H3ygT55rU/PIJ98nk9+VkJeVOOLPPxyL538vqzXJK/vsj4e1Gx9swlMIXkzgU2InDctbPZiNVoxh8BMZGzcQf34tqzXkDtX2DjcrpggPLjfmDeYxybKmGn2xuuDiimA1zJWr2BtcoMsH5q92rBSMeLHXPY+fVPsOrof8+fMcVbPdsVUwLexDpB1//WyXvNhmhQjfpS99691Xz/5cy/fcz7X9S+Yz3jXZIJ8reBaO+fFxhY77m/UvJDnTnfcl7d4ceznj1eLN777++RLW7w4ZvvkU3z4MxPP++hPH9awpcxJcmYzusVbn7aqjTXwgTz7Jkkjpy23g2n4qZ0/c1u0/oH5G3ErZCyOkXghX3OnnUOuUcxRMHJ2I3rkO9hK5M7vrJ4fKSYEn41jZpGIV0u8Wrx571HFjIDfz9rhjcHWX020C561c/5qxUyC30d/5kbs17ecE97cuEMx4sd5cs48lLWu7FdOeHN1s2Kq4Qe5yKV+XCn5D6Z+S8jm/wnNf6kF5NEM9hxyTrJQzoaf0/xXzCEwj3F9zV7mdcl/rssW97X5r5ggfBQXvcjv4ZL/J7y6+KBiCuDTsGvRu8ZcJmucNi/fJEeGn7TrqdmaQ/Lc6ebbTnI3U/Mky5cnR1u9bwZ9ffLASdsnkYd88shJD3+GX88Jezb00Pv2jGUlehveOtPGv1XjD5/FnN7nP8bI2cd22gXvh238FTMCfhuYf+HLCyT+tOvPspjVipkE38X+zZH9mcSfPi3YkG3jr5h58NHomLLPfmtIi3m+lPo7H9/Wyl5F/SPPJfNlz27q+ZA2Oz7FD718fijyyXv75PINsY/KM/31H3mayoP++u/T08evB1vrqbXiZzlD6Nfm1eztGrMK+CEmk99+YueCwjavtjUppgp+N+PnlY/tPDLZpyenTesfmLUUut2f2jlIfBbP2VGKOQDmRhz6cpOdv1a0eTX7VsVkwH/HYmV/k537NvvetVAx+fBnKWBZjbaOHWnz1nzPKaYEvpK1R83HNlZZ7Z6erYqRc/pWML2brP8YyU7IjXow4UQs4Ihv/PV8SczW8+9oPT/Ydvrja0TMq889ffGa4JOn+ddrMa9u+/8OIN+Hz0io5yXtdr7edNzOGXIOXXK9zfut7Xr+AX+bgflEqj1fGg6mOG2gPf9QzDJ4f5J2bdCuWW6WsXHZAHv+EdPzDzDHuX9vih0Dc5HP7G0xhYqZCb+E4rAhJX4GOYg6dWpfh3X80XtHKq09JQ26f48RSrFzh1s3Y92Px22+ddZIjUHEye7Q1vlnv2v1T/iGutR44zHxW7X9fpjMjpCrq0+Sv0U44NPXo4u+yCn1xcd/IOG5OmPX7bkZ9lzafpPMcL0itaV6qj1D26y1IwPvBxTxGnXvzgbbR/v3Lt5zZX/I056kud8309TPa9AzjNrywyPWJxIVG9cMF++tO3o7dmRmuPriY0De8L1v3HBJ4fArL7dPhTr60zki5A6KxkN58mcvjj3L3OI7I41/l4io7ib9llC+OMVdP8o3rF30t7pXiiP7nWtVNlrjGWyx67rDmms2l8SOkJtrDTscR+YvWR/KN8ib9Ll1mZ4s5MuDkH4plTjUpdt4Hda+jeP6x6+P+/vlu1eN2Xtr7ehnVNceXX/KN44XEmRybn8kQfah9jXH99b4XB3HfNRhT/eYw27fc3yxC3V8q433O/53UCH1isTx7PW3/P2WgVOLwxWBMf8FUEsBAjMALQAAAAgAamwWVZFPID///////////wUAFAAAAAAAAAAAAAAAAAAAAGVudHJ5AQAQACglAAAAAAAA/w4AAAAAAABQSwUGAAAAAAEAAQBHAAAANg8AAAAA
Impulse,
Barrage,UEsDBC0AAAAIAMl0E1V73lUJ//////////8FABQAZW50cnkBABAAOCQAAAAAAACXDgAAAAAAAL1aDVTV5Rl/wSsgIN7kpohESGTmsOFHZEbGccyZmcOiMscUGzWPR50pp1mhY2Zmxco85ppRcYysOWcc4zhT18g5NUMzj7XykwzND1JARMDLffd73ueB/8vloq6ds+t5eO773N//fZ+v93k//oYp/tQ1aZ13g1Lp+J6mxqgkFYdvCea3AYrkGcqDX9wqRoWp4ZBEmt9SVLLht5m/LiCUyga5QTNApV2V2gKaAXhClFJLwMsTlSqDLBS/B8n46X3wrfHP18W+umzgKbRjMJoy/dA4rVq6IFcq47zWJC3Any2shoo6ojWhcrop1Zu0Q/87XUotAmWCYkB7uyhVBBoD8oCqgpUqBuWDhoPCQGVQowCUCQoD7UVfxWLLcKOBUrmXtCbvaOtzo9gSbNnU+tnvhycI8dBO8NsC9H+NtAPh6zvRxxcA72rROuEKuvj3n+Xt2H+ohfXHe5A7McZXHpMHkYifx8S0fR9JnTy/zdu5/YHw9d7O7ffHJ5mcjjOZ5BHd2n+iVZJBdPRR3wDxyoM85jK+ae8Xj2SxaucXt9/z9nP7A/Rv+8Lf7+TlK/k90fKN/UnzBfZ7cCfjzegEHxQAT36Pkxn8Q/weaPxqX+d5Etg/rAXrEN3mn87mg6+TfnJ1534K5NfluvN64Y/3tPOTo2PcZXTs+HzHHIgLMPeI+z9f2UT9h0vVdeEb5yf5iMYr78o1dRHq5xIYXIWHM4K45k9U41AjafXgzzCxRZkcTDb9cC6QnikBsyBUhfhJBqBfZUxulZDeXU3/TGl+T5SmciyK/ObgIqmVm5q1dsZDfQONkfo+QHzllnn6Jfs7+IjwE8KbiQeHQNuurDG+hznau1yXDK4L9eHl8XQ/Sxd3ldbHz2k9EwrQeldj8EE+20ZaWZONX5Xxlv05CwO7WLpXoAYuu+TYFST6F1p67PSyHuS77rRWXuLYUw6stPpeC92mVGrdBPx3FHNfR91SRKdsiUEg3UjvcaCxVCuw7gzxdtQv2evoN62lvX7K6+jntfofd1zrR09q/Qbkx2k+kn5BPhPq+T9Av3spE9HHvgD6VVj6hfna61ds6TfUrkvQbzAS5Q74t8qMk2FyK83sruLMvIhpm6/t54X67+eFicszMq+vxm76LVPsduGZXS0d7d7W4titdHu7v/I5dpswWWOchN23HWfbv/2fbA9t65PmWEDb/WLeWg9ek7kcyHb6rVDi7jL/lNrlC2A/y7okm9HcASKiOkRogEyPVj+521Z3XvXdVs0nyT+spxOQz69jzl2L78eM39LFb+r/kjPDZZ/rX0sn9mV/UC1daqwIMW2KSqRpOZ8gORWE4W8o/oo+4sMre9D2YbzxnLvtnOHvv7utp7JPad3lOwih2DcSvyt9culPL8QZDh+GMEWCqqJxngBt7AlbQdNA6aAYUA0W+J2gYiIoMg+UCRoAyuiBCIHqcb6pAJWA8kFZoGSQC3QICVEGKgSVwKR8UBYoGeQCHYrA76BC0AwsuhmgOFA9zjMVoBJQPigLNAOOzADFgeoxTSpAJaB8UBYoGeQCHUJwykCFoFxQGsgDqkaCbgMVgfJA40BJIC8ctx+0Vs5N2aBhoEhQFSbPFtBy0AxQBigOVI95VQEqkXNUFigZ5AIdCuLzVCEoF5QG8oCqaX5JTuXJXEySGX8Svp4HH+fAn274rQj+KIDNRfix7ozWmT3iTXzXnTHhVhPB1wG3YBD2LhTSaq1LmxizTzD54DPR7+4fKXUU7RHAJEQkGEyDYIrB70bNmo++jqA9GZjKljiDia1mzDZgtro4tofRXgh5+fuMGSmYk8A8jhw6jEPoIbRXQ57+MI/1iGAiwcegj7HAHaT6g/bSEdzPYsGkgH8HKsQG5ADVL3yfvYf7WSOYLPBR2EP8+6DWX6Pd83uMtfYmg9kjmHngCzE//gJ/7kM7FZjyV/oZTJ1gisAzscFZhVz+HO1JwKhbEg2m1/eMKQfmXewL+kfwmXgB5DnP32gwIwRTBcwdR7V+AnZ9hvYqwqRyLCYLJgx8GjZC92OsPWhvR7t4H2MWCiYZfBIwafDRbrRPk127WJ/VgskE7wZdJpzXeged/8/CruAkrueCySMOXZY1ar0d7SHA7L2ZMWcF8xp4MPoZgbX8X2g/CMxSH9vV8yxjtgCzEDk4/4LWlLdPQV7w4UCDSRVMJTBfwP5NsUptRvtNwlzgeE0SjAs8slbrF6DTJrS3ol2ZyfosEMwA8HTYNBeYD9E+YfWzSjDjwD+4iFzFgrAR7XDkQOnBGwxmu2Bmg9dCn1NYj99H+xZg9m7kuJ8WzHLwfnVaT4Xu69C+75yjT9Q5xmwEZgd+Lzyt9V/RfgJy5eYcGyKYQ8BMBT39rdZr0V4J+ey7WJ8HBaPAl4NaUOveQfMj0mdlf4N5SjBJ4L1h11bUohJaBy193hTMGPCfIg47UHveplWoxsmNrYKZAX4Mfm5BDVqF9sAaJ+dPCGYp+FzUomT09Tra44Fx38Z2hdcwpgyYZ9HHJ6d5fzynxonFLYL5CphQ1I1m8D+hvcLq5z7BePHbWmB2w9e0/9hU4+TYE4JJAN+D3JkC219G+wj1s51tXymYDJIB80+cJ16iIwdsrAlh2z8SzDTwehzWhmI5/APa/WudnD8mmELwdcA8F8x7obGEibjZYEJqGVMKzIQGrW/GWIvRnkVjvXq9wQwUzH5gPgCtgl3Por0M8pQh7J/xgmnE73Ho54F6ren8taHWqb1zBBMHPhT5sxKYZ9A+UOvk8wrBpIMfRD/3Yi4vpD1ArZNjmwSTC56OXM0D7vdoJ9Y58ToimCXghyHPot/QHl3nzIvgOsasBeYR9FME23+H9nTIK09EGEx/wewFZgrW30ex76A17CXIly7vbjBjBVMPzGbM4zSsCXPRXg95ebcog5klmBjwO1F/emHuzKHzJtrpn0cazDLBpIG7gfkZ8vBxtJvRTlnDmA2CyQF/HmMtgD6z0Y5HDSk9xvocEMwi8EFYW6OxP/8N2qPOOzr7BPMeeB72KC9C51loPwZM5UOsc+J5xlQQBrbXQueZlOfwd8GK18z+jvaouxBHWtsfCFJtz3lkXxZs30XKGSxN7hdMLtTzvYaWO5PW8/swyKNEfp0lH1fPfZM83pIXWf1c73cPUAh9aG/xDnxF97pjgd07vhvnf73kPzARWIMGQ4mpFK96x1cDBbOffAPMPAyQQ/Gqd3w1XjCNwCyCU266EXOb4lXv5MAcwZDN0diL/vgGrJMUL6ufFYJJB/8bMHnYKP2S4oV28WbWZ5NgcsFfASaqH5/xElHbMhs5T44IZgn4etSQi7DrF5T/wNQs4LGCL0j+A5MDzK3QeRLV+cb28V2DeO+nvYXEl54LFN8QOTPkBYizq8GJTy8rPlQrWuPc246/hY+x42/J+1jyXKufWEteZsn7+uVFCexIgF+ehJIP036N8nom+zi+gX2zE5hU5M04HELoDL24wYnVKMFUAzMec+NR1I+fi7/UrRyHxwTjBo88pvWnWMfG036twZmvLwiGbC7DXL0VexM6q9c1OLVhnWAmgsfj3NgjiPfRvbB+zh7N/ewTTD54BfYBtO+/h/ZrFqZBMMUNfKfyR7mvmXzRyffYi7L/BeYCxpqEINP5a2xz+7zY2sjzfoLkBT13tfPe0+jEsacVl+RGZ35HW/KMRieOHku+3MJf63//B30qv+WzN92ZjWp09qc+sfE98D54dncsvwt7DJia3/L6mdgo9Q+YvyNuqZiLd1G8IC+dzmvIaMHUXOS7M+pnJMULcvUW9zNdMGTzXDhmDhLxTopXo7PuvSSY4eDzsXf4NJH91YB2ytu85q8XTDb409DnKeTuHeT3Jmdt/FIwBeD5dO/cH/Gn80qTs1Y3C6YE/AS+xKN+3E75D0zlTjfnf5PkP9UC5NGsg3zfspjui1dL/gumGpgX8X3UYb4XW4PvOUt7cP4Lxg0+Al+6Ib+HUP43OXXxBcEMA58GuxZ9rfVgqnNeJ98oR4Zc4v3UXMkheu5q820RcjdC8iTKXjeanXcIPey60cw6kdxtySss/DWWvKaJ8+y5o3y/sg64ms+v5fhLXx7wOVjTu3+jNd177EM75WgMx18ww8GnAPMZfHkTxR/tyr6MWS+YbPAvcX5TdD6j+MMvBeUejr9gCsBHoo/sI/zuIcTn+JLq7wL4toz266333s2Bfdm1k3pO7zijxQ/dLD9UW/JwS+7CeN1FHmHXf8hDRB5p13+v0093Sz7xEs9p8jPdIfTyOjV73yWpf+AnsZi88T2vBXTWa61tDYIpBn8c82fLGV5HJlv9xHql/gGzAYXuwHlegxZ6nZwdKZiTwEyAQzfX8fq12uvU7EcEEwn+FjYrx+p47dtljbVYMCngb6OARdVyHTvrdfZ8awRD72XXYO9RcoZj1bPF6WePYMIgawYmvI79B2uU20Q90u9GzKXIN3Y9X+bjen6/1PPT3qufX1UtTn3uasXLa8lDLLnH59Rt+/8F0N1+Kz7Mr55ntfB6ve0crxk9aU2+h/N+T4vcf4B/gYn5cjDfL6UCkx7Sh+8/BFMEHo2k3RDJe5ZJNDcG9+b7D5/cfwBzDr8/GcRzYAHks8MZM0IweeCDUBzKg1rvIGNRpy7v6xiZf4i0okrLd6SRimyODOK1w9RNX+fzsUL2WVlyj8tvuD1tvbX/RJr3W9F+71SXa2c+2u+uqyy5/7vvOPMuNZB9bjNG63NdOjwXc9nnWue/y3pur+Y9e3wY3+PzO8ow4xGqK8VT+f5su9SNMHjeJYgdqHnTa1h/ei7Kei7n3QTRIsS87wwRH5ein4GoK786zf6giHBMwwze2XOEK56VYaa/1vynER76yb2DUofcPpSfcrfpY3+6yHvJbOnTjcxo9Y1b3uESZm8o++RU2xuFcGMhaUPj/vqT0R8PPbD2rsOTy0ZSLnmsXlrXt0Oy/+M+eln2uNved/qP4bbG2HpP9McZyQXpNMZ/AFBLAQIzAC0AAAAIAMl0E1V73lUJ//////////8FABQAAAAAAAAAAAAAAAAAAABlbnRyeQEAEAA4JAAAAAAAAJcOAAAAAAAAUEsFBgAAAAABAAEARwAAAM4OAAAAAA==
TradeBurst,
Leap,
Vengeance,
ShipmentBeam,
Sanctuary,
Crunch,UEsDBC0AAAAIAOtyF1UB1X8Z//////////8FABQAZW50cnkBABAASCUAAAAAAAA8EQAAAAAAAI2aDXhU1ZnHT0IIaQhxhAjDpxEjBAzpyCJF1BiRhUhpnhSRTSllsyy6kaLEqICImFqWIlIaKWKkCNEii6yLWUBEFjC6PCxl0Ub5SllKU7Q08hEGSDFAktPfe8+b3CEMfXby/OfNOfO7557v971zJmDklWiSeE8wcfxnzMI0Y/KwY/nLMKn8l2bSeQ+hkSbH9DLZJujx9/Ce4pUwxLjX3Sby1cV7T6LcsdhSFPDK9V6xwRhjxncwpgDN7kh53zKmIcGY7be6/DgtJbt7jPnTtBceXnH4tYG7vfICrfUVa77dyeTHGlN86LWBGaYHNQrofRPM9V9xtI1KoHjUHkmbxnufJfN/gisbLpn3dK17bJSSkrwS4rxS5JqY+GTqcPX1aR7HZ9dcm6A16KB8TPzO31srubvoj9uE4eMDVLAMTUfZKIjC3HIXKkPTUTYKonA78lEZKkL3oCBqpPJ70BpUgqTPMmJdo6qpWAWaj/JRRoyrbDWmAs1H+ShDW7r8srXSH5aXFNEuStvqYFKUMWqjcV2v+JyU3XwdLiuCk3s2XYd7tE15MTpukdyEK379o30urw0R5bSPuG9b7lCbejVfh2uOUv9oXL/Gq7kWpi2X24aLicJlNfrtjL9OOcvblNPSJ225nY3XtjMadyKCa6ftbMsNtX97/kyI+LxdlPGZ2eb6a+uR3Lr+ZKdI9t79trW2qc192n5+rM19mtt8LvdJ8faGOG8tJ+s+ETnGbfsnvvnq/ol2X3llNl87D6JxE5qvnQdtuVHNV8+DaOWsar52HkTjdjdfOw+icXVtuHZR+4/1b69tZzQuy169HmOicJn26nUdrZwF9ur9QWw0boO9tv7RxvNQm/KuN+7Or6RcNVci98eYqNclqz/7/82vOHxJnPr0BM1J1GuEm+Tt47lmGL47R68Zgo/v5f0X9Hb4gOanefULRfWkHTyfFflK9/wDvdTUktMy1/L0vlPbXNGyZuvbrN2j3nsPr97R/HYP9ZjynuS1OLJexixTf/U0KtR756n/Fa/cgXdtT0yGV/O/HSm0lJyuzeqvYy7XH1N7Qu1lsbHx1Km9q1dMPGW39lZrM+u/snbgfmsr6fLdOmf2dSf2Qiv4v4RGjkQBVEteLZywZagI5aAD3Yx5F81Hk9AQlIQqulIOKkDDUABtvYn4CxWibBRE25l8y9B0lIJOE67tQoUoGwVRuDP3REUoB6WihhuNqULrUAnKRyGUgGqYPFtRKSpE2SiIwjcQe6ByNBvloXRkUDWTugItRAVoGAqg2k60GZWhIpSDUlEDA1mF1qESlI9CKAHVEEduRaWoEGWjIAozmfagcjQb5aH0RG+ZmGrirAq0EBWgYSiAapkUlagMFaEclIoamGRVaB0qQfkohBJQDQO9FZWiQpSNgijMhrUHlaPZKA+lt3eBZzULtgItRAVoGAqgWjacyog4LgelogYmSxVaFxHHhVACqmGGbUWlqBBlI4mzw9xqDypHs3U9pKtP3MP82MV8WMkc2MyY72GM09F8xrOSscuttTbvZ4nevpJY6/a4zX+2ttdAY+7lmv8mXUx+SaNjMpWphimB2cjm8onEGeSH7nLMOGUaYVYMMmZuH2M+Jr2N/KqPOnrMTGVSsbFU9jHWQaX4ZNKBU9/ymBXKjMS+nUk/MP8/kvX0NXV+7AaP2alMIbYa5gvsTomzYGru6uIxx5VZjB1KnVd9ae0O0mNgKnZ19pj4rx1TAXMD9fnen6zdTvoJ8oumJnjMQGUOwDx4szE/OG/tf5FeSn54patzrjINMO+xvn972tptpLeQX9nfMcXK9MKOpm8WYz8kfSSinOXKZGPf70l9Tlm7VXxeRH22KTMVO51HuZVhaz8g3fektQX3OuaYMguxD9LHaees3SIxA0y4U5LHxJ50zLswi25hjv0f9yQ97aRfn37KVMGsopwdx63dTHoJ+UUH3biPUaYeJqa3MYt+Z+0m0hvJLx/jxv0JZYLYWNr+OuVslD034l5LlbkHex/9fPcfrf1P0peFORvwmC3KFGAnsTfM6u+eZfrQT9mbbvSYI8rMl/5gvh/H6b1HesQpf9yblVmHrWO/GsQc2iDPGTCmmyun7ynH7IPZyh7VlTX1H6QXkR8ucHNslDJhmInsO51ZF+9KnHHKr/M0ZVKwq1mc7Zkf/076C9Kpb3bwmCXKDMOOYG878Y2160lfPOWP+0ZlJmHpVrP8grXviFc97ffhIWVKsPX0z0aeT9ZJnBXBXFZmDfZH7AmbGqz9N9JTIpg+px2zR+pD29cwf9ZKnEV+ycuuPiOUOQ1zgT68xLp4m/R68kM93Tp9VJkA9h2YJ1iDa0h/Rjqvwc3DRcoMwb5Euw6zhn5N+jzp1J86ZoMy+dgB7E99mWtvSZx5hnH/3DFfKDMXe5xxn4U/fpP0cJjQesdcVKYcW4Vf7zPM7Z+TpZwCN597nHHMLpjPeO6Zcocxq0m/SL48wMtnWcrUwlxg/55MSLWK9Noz/p45RZkk7LPs48/eacwbpPee8ft5gTIh7BuUM2sw61nibKlzk5tj65UZjz0C04l+/BXpznXsdXvcHPtMmdnYbgQs529wMcdQmKo3HXNemZXYu/FRS/ALr5OeWOfP1a51jqmEeYW2Nx61toz0PPIrT7m1M1yZr2AOiI+qsfY10m+RH1rs1s5kZRKwKwhoD7G3LJfnjIg6v6hMBvYo7fpor7Wvkj5Z5+/ha5XJw+6gPtP3WSuxYPJZ5sYj7l57lXkaO49yXvjU2l+SHnzWH/c6ZcqkP1AffONSec6CKXm8k8d0PuuY7Xy+ut7a3+B3XiE9h/yaf0j2mKHK1AjDvjv0Zvcd2Kqz/nyeqEwcNoN1M45+/gXpT87662KeMunYxL8wP9gXlshzdkSd31JmLDaHvt5P4ufir8M+s1uZImwx628cicXir8N+fU4qswx7hnIGEQe9LP4apsK4eZgcdsxWGJlL49nPFom/Dvv+a7AyR2FeY82nsU5fEn8dwUxQxmC/vmjtcNbgQvHXEfeao0waVsr/Mff6mfhrqXNXt7esUiYHO4c+tPiLBeKvz/nlfKLMdGwx43UA5l/FX8OYtW68TihTih1CfhmLXp4jcs/5fjDxnMY/MI/Th3czV38q/pr80mVubmQqUy11lPlz2NoXxV+TX3CzY8Yp0wjzW/qw/efW/kT8NflVnd18nqlMKvb3xBopzJ8S8dfSrofculihzEhsV/p4AT7+BfHX1K0gxq3BncoUYtfTx3fcxpwSfw2Tfdb5lOPKLMY+9gdr72dPeF78NUxVruvD+PMa/0jfUE4l62Ku+Gvya55xzEBlDsAMp5z/JX58Tvx1BJOrTANMR/b4Y/jCOeKvz0fEP8r0wjbR9u7U51nx1+f9cV+uTDZ2M8zrXVxs20y64kkXS2xTZiq2H3vPI9xrlvhr/GF4nhv3Y8osxHZjHDbhM2aKv4YpGuXGK/aCxj8wH/DwdzvxzTPir8mvCrly+ilTBXOKudOzp3sGXXLB901jlKkX//cZa4d+fEr89QXfpzyhTBC7gfjoVca1WPz1BT9+XqrMPdhkniMP4uOeFH8dUc4WZQqwlnKGEGsXib+u9+PnI8rMx+4/7MZ1hvhrmKLEbi7+UWYdti/+/Qj7+OPir2HMpZtc/FOv8Q/Mr+jjn8h31eKvpZznurv4R5kwTH98N0vT/Fj8NfnhTT1c/KNMCrYdz4Dtud808dekQ38IuvhHmWHYkcQkaeyHj4m/Jl01IM3FP8pMwh5mnqXhV/5F/DX7Z0mXXi7+UaYE24t1+htim0fFX8MUne7p4h9l1mB/zjp9GvuI+GuY7NreLv75i8Y/fHYb+93/cD/5rmNBBDNCmdMwc9l7QhIriL8WZm9fF/8oE8DuYKySGbZ/En8t9bkl3cU/ygzBHmTt5OHDCsRfkw58p7+Lf5TJx95MOTHc6x/FX7PHmoBjvlBmLjaNMV9N7DdZ/DVMxdh+Lv5Rphz7x1T/+6PJEeX0uKjxD8zbrIll3OuH4q/JDzzs2pWlTK20izWRSswxUfw1+XnnHDNFmSTsaOLiBSR+IP6adHiWG9MFyoSwx9gLf8SYyndOdaRLb/qOi3+UGY+dz726sJYfEn9NjBwY8JCLf5SZjT2C3/6S+G+c+GuY0CzHnFdmJXYfzymvMg+/L/46gun6jcY/MLOoz65O7rl6HvnmQMjFP8p8BdOH/XAd8+O74q/JL1o60MU/yiRga5kbv8DHjRF/LeX8c6aLf5TJwH51wsUKD4q/Jp23343FWmXysM/VuHkv3/ElM69LZ7j5s1eZp7G/pj6DuNdo8dcwVWcGufhHmbJv3L76Jet1lPhrmJrBA1z806DxD0wh8+cjfPzfi79u8GPsocrUwPTmGX8m5Twg/pr8kmMutpmoTBz2ZeLiZtbHCPHXpMsznI+bp0w6tj/P5s9Tzv3iryOYt5QZi53IvZYzn7Olv5hrSfrdX2/ZV+Tc6rI7X7tP5j/8DJ4Ln2J8JD38Ep9/6vbzi1pmObYevxBHIffKeF3y/W+PSzr/Yd5hP/+cfU9ORV+85PuFLGVqYZIPudhMzknXkl/0geuHKcokYWMOMibMpeGyX+g5lbigljZUU/8D2gbZH7K55pVq9if207tkvyYd/tzty9u03KnYYcytN+DulP2a67PTUpz/U2bhJTcnAjxLy3nuqMt+LBJ7Wf0fzAPMifeOWPt3Ei9c8fu3u8wr0kVXXN1msGEchTf4ppeOWTtY4hXKyfuuu+8ELdNgu/c1phvP+pkSr1z2n73nKJOGXc0elM/z+SCJVy77vmeVMjnSJ1QitZ87p0xvau27mJb6pch5WKOr33PUb66Uwx4w6xZjbpfxv+LX76KWW459l3F9j/1fvvudDFNyh/ONPa7o+MMcRA9InCHjL0ylKydLmVo+n0k5d/AcKOe6a8kv/bNjpiiThG3XbO3DEjPLeiVds961c4EyIezH/PNDYsdbxV80+WPQTeIq2levbZxLGwvgg/js3uy/fcVf8Vlpvqv/ES1zPvYC7Coq30f8FUzFne6+zcqsw06l/iP6unn4KIxZ6OZH30b1/zCx1GcvlZczhUUR9xqlTBhmMf88z3j2FH/V6H9HMk0ZGaf34ebearzv++ubW8eyXUs7a7jP0SbXTvmOM4drnqGPP+3lxjq+ya/fJ1rudOwviSs+ZP7eJPEqTGl7t5ZPKFOKPYRP6L3fnevkNvnPqolNGv/DFBPDlLCe5FcOxU1+vJ2pTDVMd+61lFiws8SrTX47xynTKGelFFB3wNobZb02+XvLTGVSsR/CzDjs+kDOkJL0TMeYjq3nIsHWPL+P4uQ8wro+up8+mk5Z00kM537y9ftA+jVve1fXfr1fKfZ99tgHv+3mVK70fapjEpu1/TC3M/9KMl0Nipv9vs5UphpmKvv5zP7e1+xmOfmpo10545RphJHnvcLbvHDQbGv296WZyqRiM1kzbw9w31cHaWWCzvfIc6GW9gdb2u79uTOfOD3zEX1P++Up9uOs/u7MyJ3NedGX99uNyLO5lvM54RL1jG8kNpk+fPkbd8Yl17uoMsX77Uiy1iPy+pYycrWMBtp1nk3nmQT3+5Mt1n9WL1amF/ZGfEaF7kVM29bvx5crI99N7YC575I7T3a/50nwz/4m6fO/dftEgumsp4nsJdw/q1PL71oSqbd/nTzzJuk5W4Kes3nPf5SzIJ39oKOLCZNMsp45ut+8pBjTegaZpCMg5aW2nsYTo4z8/qBQKHSnuyrQWp/IVzs9q/B/ZZSsZSd4vwGSPm4kuOuv/bzbG72g97n7lZA7OZVy6mN8xouD+P/23236eHva6PvHPrk6K2C6RrQhoCeukeW69gT07tKePrWbPz7VL+f+T/eNzforUEsBAjMALQAAAAgA63IXVQHVfxn//////////wUAFAAAAAAAAAAAAAAAAAAAAGVudHJ5AQAQAEglAAAAAAAAPBEAAAAAAABQSwUGAAAAAAEAAQBHAAAAcxEAAAAA
Recall,
AlphaRocket,UEsDBC0AAAAIAJZtEVVQT+kT//////////8FABQAZW50cnkBABAA6BkAAAAAAABGCgAAAAAAAKVYD0yV1xW/7/EBz+cTnvpESl8ttcxRRMastcxR9uaos44yhk43y5Q5sjnHCOmcM8a2zLqONs6xjhjnTGWuMaaxhljmjFrCnG2MsQtpXEeMVdZRQpy1bAVB/nx3v3vPeXz3PT6QpV9y3v3Ofb977zm/e+65936WEOLKkJRt6UJE8F4oSkS2yMRbllBPLqRYrBTp+DckwsIHhBBB/d8SkS8CKL+oNUv/UwlJhRzzC7EV5XkM0A7pg943XYgQxIexLqAuAf97BD2RezziQM38n/zqw1/nbIKejtGEHkmN4GOUhXohvm9LqWr/CTnnoT6i/fytR0qFbk8WYjbKEMa5hIFqIdmQHq8QByHVkELIIBpehjRAqiBLuLN2FE2QzZACPbIQJSNShlFKfhRSlcoPr2FD9KkYjcWr5wHW4/HFwGZO0LftglfPWZf+o5x64vBZ6CQ9DpvpglNPyB7f7wzW3fDFLvhMtjseXyLH2zHDhb+tLrgHJrKXY8XiyAwgXkL8brY321126T/B8DG2/7COSAtvZv9u7W2X9lXSPQ68LuNZ0j0O5rLfE9mXrv2/u33x7UNY62EX38ITtHUfP0v3YulVO3usj8xJ1oobT1kx/ZAtsc9snZUm48d29U+Msy08yVqLmQ+RpONKCD9nIgtvFFsqvyRC8gHogFNNaHiU4/C8rfrVXYqfeWisXM6n31Jt4jy75aV8qP4rgVSj/eFhbZt+PNH4proE9b5ZjyGkskGtoQjpgn0SNUb/BR9J+Yf/SLltUMpNHJNAqqkQz4ip27cGslLNDfDLR8bb12zY55Ox9tWPOvbtMtcibPvef6VMuy3ld/X4EZ1zC/W/YewzmTqWaT5zefeJ7lD5RqQkj/WZpGfGfLK1XxhdT+/zPPf53EOj3s/cfVb/1Wv/LO3jstHxfh8lLhJy9UhBl9iNf5KBI4Oi/ATHshZFXvQtOp/DRmvfx1JGPpHyTXBW+ak4My1KmoAzocd/0SbOlI9lkFMcD+bzgoc4axG0Fl7hvTqo7RjLYc95DP42QPba4zkdGTU5DfFZwOBgEk438NokXimzufFqclrRK+Uc8Lr2jpQbNael4LRQxzuddyiXCJ1bYzkN/f+c2sKww9LnLJxTINvjWnxuIeXMlZ7YvS9fKyljvFgYPYU9nYzvjbxCAjq7CWPNCLGf80+EoyST56KeYtCr3i/wun4IP0Pq3Zuk15vuC+8+x2tvG2EtmsO7rwpzDpP0HAdQ44u2M9aXmHIsbDRmX59XkGuabkr5136p48RrnPG6+Kylnl+8vjfH4Nur9lma84DeB4S4V3Ps5f3k4T/G4i0xtWepOsvBwDpIAOfjLmwwZyGNSqZhL4AUQ8KQAjgahPQg1bVBOkBSM6QeUglpRNBXQ4ohYUifOv9CXoXshKyB5EIsyFUs1BbIHkgVpBASgtyEQ+f5nLwVUgLJgozwWfkYZDekgs/LAUiX8oFzZTXHcpjX4Hb4EYDtTbC3BDaGULmtD3NwZoZmcXEfxf9V5LM3MDf9A1Kuhn4A9Z0XghqzljEC5Q6s07eQb8uhtkKPLE/VmB2MyUJ5DP8/dUvKb0D/wMC8wpiVKNfD158if6pcltTv2HOOMdUo18wU4pvY6L8OPaffsaebMQ0on8B8bEGyLYVeCkz+vTSWv58wLcAMzxHiHfj1JPSnUV/2Q8LkMaYDmBYQ9hH2aLX+9vU7NpczZgSYYsTn729I+TXopw3MNsZkolQxWXBdylUor0HP7EvRmAOMKUaZBm7WY6wnVKCqPaSB+mllzGaUu3GX2gCbVf5bAEzzavL9A8bsQXkRc/YnzMdXoa8Cpj2fxkq6TZhmYBRXrd1SrlBnEtTX/Zh4zmHMZWASkOtH04T4CvSXbzs8lzJmEJg9iLOT9wuxHPpJ1DckEuZpxoRR3sE+MhdJ68vqXgs9+A7Zs48xEZQ1SFrbMyjH2dCbcqmf04ypQvkPrMM+9FUEff6A49c1xtSj/A42l5PAPAZ9BTDiCGG8A4Q5pnxF3C8ARu3LWwYcmxcwph2Yw0gqwziXqXv03gHHnlWM6VO+zhJiDpL7MugnUN+5jsaqYUy6ii3EzyfAfAH6e9B738jQmJcZU4hyHsa5jvX4iMrd0MtS52nMScZUoiwH5mICnYcUvrk+rDFXGLMb5UtYp9Xg6GHoy4HpzbpPY2zGHEXZihizsdYXqzs7MG1FZM/8QcJcAmYOEu4SzP0i6C+hPtJD/axgTC8wgX9LuW6Yzh3HBx2btzAmpMZHrNZiXrFVinehNywjm/cypgDln/+FtYUYyoF+G3p76TSNOcGYCpRvIge/C8xnoWfgHNBpJWvMe4ypQ9mB+XoWfi2AXmRghhjzKspD4Ph36Ocz0DcB07uQMPPuEOYCMGeRC2dadH7IQ76q27df72Nqj3kNvtSpvZ/3JdUuxO9eY+9I4DNfdJ8OoV0qnymCxl05F/XTuH6mUb/TwM+Ku1tXY8xTmOPzsPNBtV6HHF+72Y8GlI9jHVzvpntrKTCRjwnjH+L8B8wZGLMQ8XC/Wq9DDh95jOkA5kWMZSOXzFPrFfW1VbTLljNmBJhdiLsREHCf4nU0lrNriJGDKJ/0iLF2bpxZfMcxeSsZdngIGDxUDdN5IPqdYow3A59i1F8adnhOjePzrOIGPjw3RN8DdgDb8OB0Pf7SYfKxE/8twvsj4OIetV/hPVgR0Jj1jLFQ3oTvR3x0xz8HvW7ErzHPMiYb5fMIjkOYbHU37obetIrGOswY5fNF5KbXMfFpah3YDp8qRvIwxn7mJ9puqnweRDz7mQefwUOLUT/N5G3E+cbgN+q7jPrpRr2P7571mBRsreJt6PmvEU+7Rsi/XJSz4fy3Eyk+bkCvPE48HWFMGcpnQOIZXgcp8Lmzm3i6yJitKK/A8ceHaa4XA1P2S+rnFmOyUbcGPB710J0D2QNj+uJOnsRWhsojBs/7bOL5Bxy3/tGp82zZDp+WwU/YpvWv6hON+iUGPsmoL7EdnpON+lrYUjtX8KkXMQFc7Qrav2+M0piNKC9j3Zak0w28HJhIJfGTYhPmFDAS678xRPeMbbYTs4sZcxWYF3D/OpRG58YDtrM+1jKmQe23yJ0ngoK/y2SIWXfhOZ15pruSxXeFgL4r9arcwbzvsifmvVnQ9+wC5j6Mk7/lepsJ6HNvMO5bW1fc9zczL4T1Ny83H4IxfXnHtUufUjvzO3s7dHX2LQnR3kHftXzaSxUX0TPw25wHfWDXYsRDH+K8ODPKjR/8Oe3UeS3At0gf3ys1b+hnAPtuqZ9sUKxbfGMLGHdUskN/NdL9ReNbjVC2bvWizy999FFqFRyzx3xUvNw05qmC+w7qKLD0aEH+xlnfAF9QruZvD0Eefxbj1Pi//c37bT/asLMtTxQXqbgJGb2ouOlJoDhW/Ko+OphnVR+t02cvvJt9BY05i9rj4XZhtkfnHsX/+wfbOm489qWnElrRLs3gjb5oWMb4UR+Chg+nE3P/UrPneNvP//5W0f8AUEsBAjMALQAAAAgAlm0RVVBP6RP//////////wUAFAAAAAAAAAAAAAAAAAAAAGVudHJ5AQAQAOgZAAAAAAAARgoAAAAAAABQSwUGAAAAAAEAAQBHAAAAfQoAAAAA
Enrich,UEsDBC0AAAAIAKp5GFV26z8d//////////8FABQAZW50cnkBABAASAwAAAAAAABSBAAAAAAAAJ1WTWhcVRQ+7/VlOs3P+Iyv02GQaZBYQpyWKhGMhiQtFUMJmEULBVtxIYjgwkUWVULR0kUWBbvIooJoEZEusuiihC601L82FBEXQWxx0UUsWXQRoUiok3l+59xz39x5c5OKF+67b+47597v++45505M3LqphGeRIrwRzfcQnZP5M3SMxuggjdBL8nuSnqZpmqE6TdEQfsd0BM8K+doe+j8t0rEXaM5gPPtGlS49u4/OfnKNDFYKxvjh+KzuIFpHn+8iuoD+Pvo8iKxh7rtyQJMPvjz+68inw6BF32+kaRHjpSeInsI4B5sx9I2Q6Gf0r9Bn0afQB9BXsdE36HPoM+gD6A/ht0xGoxPodcW92kjTBGPqtDCH9chmmlZyNj679zx2TY/dgscuUJsgp22C06sI1kS0ZI0TPT/r+/GtohE559/YAnfebrDpx+3Dcyx9vF7c5jx2fn5JFkMuv9jj67Y/POvn7RJRKelYO9mCq20jaaceof527U6m/nP04Z3+D3gXU/955e1WtsDX9Oxr4qdTAx/upke/xHM2j9PPnGdB60I3/Fp1KpYZEwcnJRePok6NSU0S7WkAiEkR1m39oEHZ96CiaG87sVd7G5IcB8rQzjBOxjOt+f9WzsPG5u9OjP4oz6rg9VW9alb7CkAVtaHo4hzgmqA8ZwQ569ALvEXLIagL2k5OnW2nVG+mMozHffBh/0c8hgXs3WX2DwpYK1MkO5YrMLxzgOg5vHNNRfmkda2TC+gsVAwya/ptjSdCe+6x4GOOzOGi8GBERAdQY05jvOtsxpr8/Y/BZ+MndJiEwtnMl5rGjudGdU03lgqbre98h+xyvp/DHlNPEr2+y+BZRy3/CXdED0D+AF0GQGQv5m/c3E9LOxh/RbgkyiPI7i2DhXk3sd+sh8/NRiefR+YM5H1Q55cM3pB9X5XIaK3zdcPk6bjq5/KccbCzBktY+8rKqKz5YcPE7izGPfuIPsA3XvcuxvO1F8Tmc7W5h3HvCFEfdO3K8q8o6DiOhz57Rex/UftljBf3E/1VMPh7oU4RGtmzvqr62PyoYc8LzpzV5/7m9uc9iW7yuowMN3kQa+1nxmWNV16zX31cfUoa7zy3W/PLfj+PvedrRKe6zRlugHsVBx9Bzy9Yx8jEwb13XtQ46G+L5zWtNma9Et4j/Z7If6zLHr6/Nbfne8Lh+8zWfCVOerx3f1n8t9OpT/e2fgvA9CacPurTfIbSkfpXsBrnstXlXU9+xFTTO9Nkd+zsZVslq3kl1L92nRZzOtn/qbFUpF5bR9s0CxzNphzNqsqdshugpRnnx8ttepXEL1K1SsrgsOa0i7+Is480I6wWgeIsC6qi4GSe/F/UqURyhxWyOh5n67iNXU5rrUoUW5LDtoJrbFjvpB5h2Iq4WP/n8ToPg5YNI7uN99rit4f+HJ+ceH75+ESsiG2UxGrXWtfqb3ZnXo3d1w/VR/snXnv79vi/UEsBAjMALQAAAAgAqnkYVXbrPx3//////////wUAFAAAAAAAAAAAAAAAAAAAAGVudHJ5AQAQAEgMAAAAAAAAUgQAAAAAAABQSwUGAAAAAAEAAQBHAAAAiQQAAAAA
Rush,
Genesis,
Entrust,UEsDBC0AAAAIAHF6GFW6KDR0//////////8FABQAZW50cnkBABAAkA8AAAAAAAA0BQAAAAAAAL1XTWhcVRQ+b+Y5eZNmps/4GscQ0igxlJJAKVFaDSEtY4kQNKKRKP0REUvBRRcuREIpWMVFLS66sRY7lCgRggQpoUgXBamUItJFESmiWQTpIosiFdN2Ms/vnHvezJ07L40geOHMmzf3nHu/852feyeiZLRTEZ8B+fhGNIuXE/L7MZqkXTRIO2hY3keoROM0QduoTP14D2kMn411/vvw9dkBNMfwrLzWTZUnB6jyyUXsxgiIPEt/KUu0ArmYI7oMqUDmCkTL+O33yKPyyvmpfU9/tp39Ov9XHAe85maiR/Ccgc4IZDVD9CNkFvIuZBzSB1nGRpcgM5BJSB/kDuyukuFnGjKomJerccw8xNbIOFjLa3FccnTS9N5J0aul6J1O0fNUx3N4jaiHSoI1Eh6ZX8Zr25+7Eoiua19dB7er119Lx52G55V4Y754zKTopfsX1fPH9i9MsbXHrynru3qRsBS1rB2t42syhuNWPjL6buvtj9PjmIZ34l/gnY/T4+Xq3VgHXy1lX5M/rRyk4a6l8BelxGYj/gQjco/7U4fVn3iNbghj5brcL7VYli41Ih2Jh8l3M7aJDY8+2XdQUTSPNso5v/RLjdvpxjizWvfDjranPSFRLuv3XMw+mPGQoElwkPjFvFTg/Czku5roZhbwvFBr2AV/x3H3VqK9BRIOpukF8XcM/bj8P/g7ov64/nJPtGMW4OWsrM0jh139pl3Y//e4x0He4PgpB4Gg8+VzUDxoxds62oRLhjkk1jk9P3KwrXuXQWuOffJljn0Z1xjw+8B9wzf78JxYNvvTe68xf4AM98l88a7J1yNaB14KwsurcXwF583zMMzr/nxmzUNOZE0O86a3PTP3C0DdziZ1EgoHzCFzVPFI3pnbUeA+jveb1r7sT87g9ZJ6y1hYGPsOKHdAVvD9OmQBclLjMWHxMlo167D9bt3T9u+gNc+5kXfmX1VeM5o3m6z5ffdMn/kIUnDsFnXdhO/Nzvw3ui5z9SHkYWu+t2bWfZvM+Z78vqj7fQ7Z4qw3sNZYjzl41I1/tTHPtfGYNX8W644DwIt5E5egamK9CcH6HjnXB6NdnAM/DNFOiWO3xDTSeHr1TmXssyar8O5r3EtyL5tw4pzE+s/7rbEu1CsD9xo+3/g8gBx14turfSbQ3yJn/VFrfqv23Kb4W/P9WsP2/Km1Rn4cgnS11EcX9YrfhpEEdZfWLNsdhnQ22RX1DmOsiurzqPKX6H1VNT3rZbFo3nfSihFztIg4LdzYLZy8X+U+gTsgnqcQ6Lk20w9uQqfy+k7R+UJ1lvB8E2Cm2k1PM2eU6WFcZ0e/flb0f1L9q3ieeZxoKDD8d8DnAD4ktX3B4pClF3t+6vDKdn+srV/f/H1M84n57VufX6mvTrWx+SnGjfrbov06mT+JvT9G0A60m1xdrZkzyQef55hH3+T70uGnNN87m/rXraY+ybFM8jySOM2l+Ptz7cH+Tlv+PvGAfPKsHuTmYc8GPBV078TuNDAdhNHxgsEQgmlf7UtYTe4nysuRlD4QIvPNndJ089DaKxml+n+hIrpGM0/zDk+h5l8op16H5J/LmWdxNm5x1q2+U/3G0OCM6+MZp/56nPpjXHu1dzXdAxB7Xysi4cJTnF2CKhCc7OetrB2PnNzzcvV7QVhfx/2fWIG8pedPpPi6HHyDaHpDevblVSeq8xnW+8MdPX/zwkTJ0jD/l7Kqw/ehvO5/Dd/PHJrak61dGvv2g99GQ/UsyaZQ9RKbRpwMQsZ0N9y+56XrX4r9P1BLAQIzAC0AAAAIAHF6GFW6KDR0//////////8FABQAAAAAAAAAAAAAAAAAAABlbnRyeQEAEACQDwAAAAAAADQFAAAAAAAAUEsFBgAAAAABAAEARwAAAGsFAAAAAA==
Offload,
AreaShield,UEsDBC0AAAAIANlpElXRDf6D//////////8FABQAZW50cnkBABAAwCgAAAAAAAA3DgAAAAAAALVaD2xV1Rk/7/W1lPa1PMoTC33DihWhqwxYlcJqV7CyyjrWodNqmtlMgiwh2hnGGoek0zpJ1mjnkBDHlC3MMINbs6FrHMFGG+acJp0r2jjiECtD5E+B0tc/r+/u953vu++ed99tLZDd5Lxz73m/c873/b7vfOfPvWFlX1kqF7+ZKoA7pXbOU6pKl1eoWlWiinA3Xz8vQqpWNSqC//NVIWpUooTbKVOlKoT86/opoKahtlL1SCHuxFczS6kG3OwPKNWJtB3PzbPxjLz3eqU6UJZGQJGqcpZPPfwrKzJ10S+Ka3U7QfknU/cQkruPlXOd/NCyqKx7ilIzkEfQZg8abUWqQgoj9fmVakfaglSOpJAOoNNWpDqkIqR+FO9CWodUqntD/Zhl5SO3jCuNqydktq/9wEY8sJS78UVjllVoYOlvGx/3wNMVHktt/1rB+dztw1IRrUO+tlVQs2ZeM7SNIx4yXO3RHl3bx8bXzwvfNQ4+Pg6+1ErGm5y4+dhlpdolZxy5w+KtAfFL4iIs92b91HokTT7qhZPqufu9xuDAqVuo2WX+ZyTqRiawubv/gJXK3zXChZe8pdb4/uHGRyxvv/Zqt9Wj3RzjOZU39j637oUT2DbuwV/Eg3svf/KNw19Yt6C+0H7XjlM//xTJmaUjkB0nQ4pjDLXRjJtNeUptm457/NE1DfIhNSGw9oCgblQsQWrJVuooKvdMxTNSEYZiBLGqKQNl6UoNwTHvRGqAMptARpOPY2gd4m6ZKpe4TDGJxzT3XmLHWD2OwzpO26N8SkKHDJXu0mo+2qVLhxg1Yti8RmLfRlcNe0w1GWNrnbaFI02mliEk4yyo//Hp2USp16QO9XMb8vWntf315RdOaWwuGWO/WC55wlePWlb0vGVVwEi1mpcqaFuq5yFBaBls/WxeCrVMJZPkpcjmJdEvyRvQTPN84OakwRVrqpFWnnF0y5DZc774Lcdh1nXLWctqRmpBKo7rOv423G8/69QPf2xZrw5Y1rPgY80V6e1cU7RUXnor3W+GjAn/BHrXuvQuQ1puyB0QGfINfTf2W1Yej3t/E+639Dv4GPRMv2hZO8DDt7SeNdrvq1P8ntqcyO8n0tP2e1/ctK9PdKRU7qrReDX7516Xvm2EPWdZCw0d0qQNW2eyfqYjhb+SsQHiInJe31tfIV25PK1ELBhMrHXGu6bIukxZn+Ln28Y/VZ9Y1i9PWFYYQn+T4hNkpChr6mvrWi92M6+6ArZVncQCkvdmkgvyzj7ntOMTm4a5LI3u+0WnOfg52u/EVpPTPsg3C3WO/teyluO5PUryqST5yJrk39s94tAZP/NM/LcI7V3oN6TnmqCOJGFVoP2jEf3MGKD/lLrDx4lEt2Vv7MOacRDjCn57k6HTCUOno3xvUaSg+a7jnKNXvuEQB9CW3d8yPA8RFz4HcBm8+xbjZ/cFy3rmfCrvrecdGTcMOLzXnXfmsFaj/fpPLettKHEyh2XoGEuVb5HEqnqPMW/zbsu3hPwf/S68kCrb/AuObIUXkvkbMuR7wWg/BvmWj1rWjzBPfpX4GdB+4btU/uolNtF4Kyb7oZ33PGR8x5Bx70WHv+YoY7043H3csl7CPN8HZRbq2F+t5eDZOaJjVH5i3ZEco4jZWyc5N9sRlOcWNtKjLg4aPDiwbWRw4CMO+qDf+wOpHHQPOBy8NZBsp90DDg9njT72YNzegPXO56h0o5ajSjionBQHk43TfKVrPd1+MBk/tTm4gfTHGH//oof+Fw39Lybrv2042Q/+ZvSxF/H1OoSaW7J5fqT2bRkfl9gwGTvRf3cadmqF720dTJWzadCRs3EwWc5FI8lymjGp9jPLunE62+rLur9KsZX6f9oqKZaXyBqiTlqcKKa0DkH/qIf+UUP/qEv/0cReQl/mXFh7EnsDjPPl8OV50r7y+T3nwkmOpzSKEaXwjXlDqXIWDjly5g8ly9kf5fWUXk8aNhqAjNWQL3emUnNJn2HtS/Erma/RlOpFO297yNhlyLh7xIl7bYKlPZAZ87Z/blnZGPP3gMcvEU+W93w92XmDxNiEftcPp8rWMOzIVjfssvOwI9+fzf0u9meLMSaeGuT9qROP1CXG5Mv38UvUP20TfHb9iIf+I4b+I97jnPQ3fbwU+6i7Mae+AvsU0PgY1fO670r8Zxr5b8yyskZTZQyMGmujmOM/3SPOeU7YaL8H8j0KJfaHec8cil2efOaclk3rF7Tzkod8ewz5mseMdZHrvKnJ6KMJ+7VbQPJGCJgnZ3jjydg4QZxolD0x9U/nqvW0Z4ulylgdc2SsjCXbOZQ4lVKJs05T7q8Z/S7CunUflhIH4eDTaa08Nr7ck4xvAZIhDCfLGEuVW405cg+55O6OOfzeYNofMo7BoYpnslYNauUljc8VlzU+fUnjs1zm2T3i517+tVv2GyqQa/QYkPNx3s/5DD6oXdmzJ3FUFDf3csEJd3HuvRz5aX6cebRccTiCvcUL2FPtzFb6DKpOx+FkPcvExus89rEea45AmpY5oOUe9NClP+7Y+0Q82d6dhpzmfNYFOd9EPPod/HLqFa2RL9/eZbJ/3KdU4tzMzcNeOecn/dK1vhns48iD+in5vIPP/4KQJdOWz9ivZ07axs44DyVOCcxxTvL/2zy/RFw/hrXDu2nsh36xMcnaJzGN9Pnp6aeLDTP46dyTuQ3qc0uFPXFY6tP6YKMLH1CTu2hPego+2I5UDkcMI52CobsoQcBdSJuQajL5jDMGPyhFCiL1gdQDSL0goR1pG9IedLxFzj5LAnw4cgQK7Zd3N+uQyuX9zSkI34W0y89npDVIRUgxKNKDtA+phc5NkUqRgkh9tDc3zhKq5ByO7HAAMtdCxg7ItAEF5eh7CfYBbekhzdiZAT7724n8XmD2YS5bjee7gOnfmqsxeRcZcwCYWgSLEewRb8fzIyjv/g23c7NgaC/aezWvu+hc63mUtx/L0Zh7BRNA/uBspT7APPYNPL+B58a/TNOYrYKZj3wv4uo0YFbh+Tidm3WxPL8VTA3yDYgXt8b4vDUL66Pdf+W+DgmmEflPMOEty2FeFgJz9C2W+aRgtiP/Pgi7D7rdiue1wLTfwZjcQcZ0AHME69g2PKzE82aUdy9ieZYI5ggwT2A/QnuRFXh+jvq6mzF3CUYhnwunvj+Lx+9BkrmE+3pEMEXIV8EOb2bxG8djeK5cyfw8L5hq5D7o/fM5fPacEXUwbwhmI3LyveNY1N6C52IDc1wwbcgbMIheH+E5ZI2ByYoyZj8wPwbmNHKamx9GeedU1muhYHrxXxTr6/hpjk07oo5vrBVMDJiLWIf0gMeldF4edfxws2AKkZ9DfL0f63E6k/so6nD4nGCqonymVd3PZ1p+9Fv7A5b5oGA2RPms5aEgn+PQXmZRAWOOCYb2oudxsz6Xx/xqYAoHuK+MIcbQ2d0j4PnQVF7/PojyhjZup1gwPcCswE0EHNFZ5zMobx+eozFrBDMEzHv4/wGMQdoHv0p9LSjQmIcFE0HeiHVEAey+AM8f4rnt77M0ZodgKpHvwTh9N4NniDiem1u4r9cEs26I9+5Lg7xOmYt9RVt3msZ8JJhtyF9GvCnGf9fjeRXy3VHG+IcZsw+Y3yOmdWCuo7krDzw079ipYzStn5+Cz+wk/5BYTfXC9r35fk/WJOVyXq59YdiZW6cZ647wiFMeMspLRvjdN5VPN8qrjPI8o3yD7KWaIPt1ZH/g2ufwOuCY6NeK/Bh8ZDOEpndjq4FpfIw5yBgR+xM/4OGz2Sz7g0Y7xYLpAeYP2KPNRTv03pLe65g8vTrKPP1RdKd6k+WpaNTRL9vQr3zU4clct91p4HOM8o1Gea5R3jbCe/MaCERrszXAtf8wm8f/qIx/YB6AfjkYc7PJX1HeHMvi8S+YXmDOnsA4gZ/PIn9FeedObmetYGLArP4Ecf0cv5N9DeXdrzNms2AKkR9CXwvO8vv5n8UdLsnufnC7BflNwg/V8+IyzcXjxpjz3jfT0L+F9oBSPtUo32Xgs4zyTvTXBj3Jr2iNsTXmzG/LY6xDHzAdmE+eBuYqmq9iTiz8nmAyka+AwxacZ/kPxRy+HhNMCfLvYpwvDbMfncRz7ZPM+4uCqY3x/qgLZJFdc8FPf05QY94WzCbkhzGYXr6K12X0/tHu64xg5qOsGMTcE7JXbLOxtso01m+Ol5IPmDah91nk3/N8zHXW2OT9OxDncW6/g7R5jsQdu6Qb5aVGeYZRXhN37DXFKG+ELB0YOOTfNH4Wxh1+To7J/I/8cYzh3il8ar3WwOTGZf4HZjEw/wjw+87NcccWSwRzZIzXsf/y89rrOZS3Xcc83yWYtjifMz0hXBHPeV/Ac77wTBYmL8qUNS/Zm77leUW4fCw+Pu/t5AeyruYvNsKJlpIvfqft/kaib4JvYCL6vZSXDqGktvwp9fInrGf7hfndVLfF8aorg9vl7xb4mynyi+aPeG4+JHExE+wGBHEfjHL4OMvB34U59dSLucb7TN4bad7QzgKk+H9Yb2I9IO8ug3IO5EvIoUe2bs/2b+qh9jsrbyxbuqSMa4US8pgX2fIIGtov32qtQ6qRNX4m0lE6vxc7tsg4KkmcQ+UqtjvJFNJtbVjJaxFaO9M70hrh8Ug6c1pr+MzhD9/p3LH49s695T0Vm8bBvQRc/gefdsbPhjpnPP5Axa5xcO8B9+zBns7T8emdbaWHK4rFXwhHa3R6713hKqN3/mtdZfxNnOMfIfnqwqvPVRQLYv/s7KjP7ax6o7fieWnrRJqj/5+Msttkf3TSVbZMuJxp9GrPlTZmXoLv8TEFWvaZhp+EEt9+2HKHxGdCYjXymW1zf9350LJCbYf/AVBLAQIzAC0AAAAIANlpElXRDf6D//////////8FABQAAAAAAAAAAAAAAAAAAABlbnRyeQEAEADAKAAAAAAAADcOAAAAAAAAUEsFBgAAAAABAAEARwAAAG4OAAAAAA==
PhoenixShield,
AlphaDrone,UEsDBC0AAAAIAGN0FlWD0jLY//////////8FABQAZW50cnkBABAAyBoAAAAAAAA4CgAAAAAAAK1ZD0yV1xW/7/GABz7giU/7pE/KlDpqqWWVUuooQ8da5pCxzm6kYYYsxHTObawjjXHOmJYY44hjmzFkUUJb0hBjCDHGNI6sZKEd3ZxjnWOGOeNaZqlhyBzlzwO+r79zz3nvuzweYtJ+yeF+97zfPffc3z333Hs//IqeVJWOv17lwZtS42uVKtf6UlWp8lQO3nJ1PV/RLxUqqMpUQIXQogQatlGoCnT5Rf3XozLQWqm66O/K1Yg/fR6lBiA9PqU605S6irIQ/fVDl0AgxqqytS5VOvrac0NHT26qRj2I/pS25dOeKukliL9zlm2T9t+Q9S62EbFzc8S2CT2QrNQqlAHqHx01Q2ogeZAbbvgCqYeEIFfQuAVSDykQYwMo2iH7IMW6Z6Uq52w7hNKWh5BU0jjchg+RpycGH8FSGQ8/GgcPypS1BD40H9++Sy3khJ5hYIMx2Jw4OHoa55f2OxZ/3mI78Tix4uBz7cV+pMXhr3IJXDx/AxIrHok9H+IlIO9m+wV+6CgP6YgKSJuFzyq9BuLN930GFwv9COnI9eDN9CN2HJ8zuFnYnryK+LQq2j7nLjEXz49Ce/H8PSC8LeV3UPO3vN/x2nfYS8dLPPyVJfDuOLwENCOLOQ3F8c21ZHu1iNPQMjGrohknSccV5UyfkTP9ivNLEqQBf3ITkUdhoAeD6IWBWuhrVDVyRwnyZ6VkTPaFmc2P5EkdZwGdTRdHYbLuwXzyYJceyx3RkO+E2kW+QPbHtIismd6YtdMpGT6kI4zKDN1/MLqe/Npfsu1KYFNXj3mj+YjaZoY1f+Kr0iMt02MlT5lnv6zNyzPM9aCU16W8KeUYl+5JqVtSRuwPjNr2ukyl2sZtu1rzW65zc4nuMaT5DUbnfSG/agG/yVEOklTiEvxyGPxM+C0QC7UyNvMZc/NeViPjpzw1gBy6edbhxiUcnGW+Eujdy7FnJ0qbGxbjqb9bhv3+/9r20UnbfvL/tv31TzXue4krpX14RdZGZNwn7jLuFkiTjKEfY9g4t3jcHcxFQr7uyR/HI7XIwzzxJ8KPXzKAikanE/+7jZbTY7Z9/GPmq0rzVSnrUMWsQ4r1T7sOnSeSQ4pFymJ+93+ec1xLzDrcr0fj0Tx9d97hLlHxuaxY1lqOcDnO/LrpfYTf7S/gz2Zu6y6SspRLT868E3NBfrd95kiwnlrgO63PnXfNW58FXy47Hl/Vsn7MZ9+DzFdnDF/EH46Q6qLFZz2f8XtkjztjLc9jseXwWGA5PL4k+kNSHuHS84Ll8FhnLeax4X+2XTGB3JjIeaBGVWkeyyXyPuO4c8XmfxpjvZxZzWfPVuYxz+U0CuDlfv2WbvTqkXtBfE4pW/r0jug8hD0q/ZJfFXF4brcdnltth+fror8pZZhKd5LOyboPvHsdBtwjjPOQnRti51Htgw8ob2QUkmOWzzBmjjHnsRh5480V6BDz+DUZw3LPY5CrOBh0QBogFZD6FORoSAAyCmc8kGvYes5DmiHDsN8DOQHZBymHhCAT6PASpANyELILku/hgV/Dgjkv95l6SAkkABnFBPdBTkEaIZWQXMici+83ZyFNdC6BFEJ8kGG6o0hu3yfxE5L1Ugv/h+FvI/zMwQTUQrkde1BvSrrmIwnvVNYj3oeRbytwZNhBsUaYA36N2SSYo8BYwDy+Rqmvon4M+pwJtlMlmLPA/AiLetTDMdQFfV1Lhsa8KJgBYBrg4MuY+2dQfw/6lkTu66RgJoB5BkHsg62nUZ+EfvwQ93VRMEHsDc9hXA/iIP8V1LOmbLv7m2znumBKgGnCvvsNxALxUgrMQAHbcU8xpg6YVmAGkT+/TLkb+vbfpmnMRsE0AfNP/L4Lc7Qd9SPQ3+jnvnYIphOYqdvoB3xvQ/0M9OoN7uuHgrkEzO0M7IPwj/aVy9Afvs78/Eow48C0Y662Ya/9Eup3ppy5uCCYAPGBvlKwmOi+vmbamdMhwRQDsxqYNpy3nkJ9KzDV3+O+LMHUAvMQ/H0YduibwG5gCu5nzPppxhwG5in4fPpD26avBC9DX/cA8/O0YDqA+TYW/u+yOG+8Me3Exl7B9AOzAXO+AfHzBOp/nHbm67hgRoGpQYxWY96L6GwC/cCrjDknGD98H8Ka+APsPE5nV+x3ZdvZ50HBFALzKDD3ZfKaLgKmPZ/thAVTA8zP4c9HwFAee37GibHsGcYcBObveCnP4PPToRmHn+2CaQfmL9iPX4cdymOvQe8t9WrMHsH0TfGZtxV7C+W1d2acdXFMMCPA7FmNnIhYfBj1WzNOrHYJxgfff4qE/wusw02U9cOOz+8JpgCYP4G/07DzEOU0YPw/Wacxk4LZBczfcOb4PvjeiPq3gKnOyNaYrDBj9gPzA8RgMdYitnB1gPrKZTulgjkFzLt0q0JJ+18b9C3vruUzkGB68Vsi5vT5O5h71H8fdtbFEcEMA/MR5rMdsbievv+EnXVxRjBe+L4S8bUNeZjuianwzX8gme8kgskHZgh54yLyHt2V6exe0M+YO4KpBqYb+8JfIdmoPwvMwL/4frhmljGNwLyFjf0C/FlHZwnoG+p5TrcKphWYLSuVet/D+bYNfB4+2ar3KzoTpAN3inxw8d5D96KA7EPuBXdT3nNLjL32UpjvZrRfZxh7+DD0KaL3G/o5A7/S0PeFuT3pM2POXzVh3h/7kvgMsXve8Z/aXBb/s8X/rvC9+988y2c66neF0S/dHyLnEPNs0mPo0wx9k6FPj/E/OMvnNPKfzpFZ8H88zcf5f07yPzCDOJj8B76vprilMc6l8hjmJf8DU/QBcpfN46Oze/ePV3D+Fwz58SLW023U6XvBEZTtOxizQzCdwHwHefR0mLnushw+aU6y55nPYuHTmr13Pq9hPKnCQ7LBw8Sc843Ga+h9844+xdBfmeO4IX1qDJ8v4LeWET5vk7974X/1NPO52eIxNgOzAjljywTP03HL4fNZwXQD8wjy3OQEz/E56Fs2MFcvCYb8GEMOe3uG42MQ+routvMbwZxA2Yi8EP6YfcUMY115jbujw1gW7VMG18fQ9iDKfwh/e+fjc50Qw3O55fDmMfipNfSJhr7R0CcZ+vPzHJslM8z/BbqDP8njOyC2r1IswVj9B2xziL7lvsJ8twmGztkZiJOJ97nO36+82lviJMLZZcH3o2yGEwm32C/+H4GD99f6hL0k/Q0sSdj0qkzU2HIRrYcPOZ8Q55nLcB4UzukOQjssn9d9+g4yQeMSbsespeO9m7iUuOcvusGopYWPT+fahDjfMJ02sb76o9+vYr99D9/lW35If8Nd2l6Ccfc123XznUaND3NfxIRHblk+fUeM4FMVz7ZXz00kBqnHqqrKRwq2FGzhVv7o3KiY2G2WOzd/J+evv9SLX76zBv7MZxvqd6fYPw7/6te/3vvmY4d7x946V+o3eIu0I/+mccBIMdq9s6hd1qJ25NNIAvOyM/o/pFSJC58eZ+bbHb2vrvplb3f416WfAFBLAQIzAC0AAAAIAGN0FlWD0jLY//////////8FABQAAAAAAAAAAAAAAAAAAABlbnRyeQEAEADIGgAAAAAAADgKAAAAAAAAUEsFBgAAAAABAAEARwAAAG8KAAAAAA==
Bond,UEsDBC0AAAAIAIN6FlXrRfLE//////////8FABQAZW50cnkBABAA4BIAAAAAAABZBgAAAAAAAJ1YbWibVRS+SbM2y2LM1jiDZizDOuOoJWxFqhTJoNShpQb3QYWK/phDYZSiE/zhj/6SsdZaUfwhY4jMfUjt8qPDiRtOGaKgpcO6bqAgMmbBUKvOOdfmfX3OvU/S9O19a/CFJ897zz333nPO/Tpv4kqeiIriN6xCeFPqwlqlngX3qg6V0fVN+rcZaFc5lVRtKqHS0G+FxPSQVbbndossBKTQt1J7K61V3RR+DoeVOgEU1yiVgEE5YCZu5EHUB2IBlS++v3vfW+9smdZWZWFTBpzWnTTCMrSELw26HFYbablalVm0MdCOnx00ZntAqRGgDWYVYmacAt4315l37wOxytXDbuhm15pyz91GpiqxDGs/I9oGpfbDnHvBQ+AOYAG648AAkAfSQHGVUmeAASAPpIE52HEWOAj0AAlgBgOeBwaAXUAT8BMMHQVeAXYASeAqfCoArwI7gCQwI74BA0AXYKKVxmyItUm8N2rbE3qGlHL5SMzI2t+AJyZH/3Hdan156li26U/56DsW/Y5brpv2saXk03/rLXv/ohf06Kegm/ToBi168gxZ+g2ybNM/66Pv+OgXfewu+ein5u36ZV2vfte83Z6ARb91fnlcAj79HrX0G2DZpj817x8Xm35owT8uXv2EPgtS/3s9N7m1rYcut7b4JPQuk/2V0Gdd2Z6Ep23I027Up/8yV2LpY6/j0TO2pPSu99qSXCG2S9Z/yT4PdRa79Pov2ec56KNfLNnXkdXvUm3x0WeI479vvfrjjv9541j09fp3/ONim4cpxz8uNv2Q679vvfpFp/b10Ov6n9s2/SHX38+Sdb016dvFuxf94hu09GPup+Vr1u98L/ms+6RlD9a67kOqXmctcreHKYkwdxGbvwoonc/04FZtQ4bUweyilXer0mM1l3MdnZMkdDYSZX+LT4Oq90gy6NfkLWVJeU4l+9qlzNjVz8IG2lXVaJy6RzCxYT3yYl153yiMHdXeLs3W2pj7pVnOOHq+gvJ+2cydu5V9i/yY4VDecF2z9mK5r8ufBuabyo1WSa/edN1BBDyP92kd504lOVxO16ZhX1NVnLOVOGd0nFtrjHMz4+wuiXNA57wmV21FYb+n1c31SsVkLNSldMtY1WghXecf7xhsDVEa1bqnb7juOUzeB9xXB7hOTTzq0VfF8mDBxD5k4pvSu0xWZZRjrhTf9zDs/chfr9xh1kpYQzLncLkt5y1ew8wt9ive3Kb7Mjmw/K6u0iwgx1kDhYfmzRqWfbRvE3LUxv9cHGqVJTdY6ZH12g+D2oEkcB0BnQRGgYPAXiAHpICbMGYKKABDwPNAB5AGFjDoZWCc3wr7mVM38XL6AXQGeFvGY26d4V6pXzB3e4xcgN8yt8+BL4E3U95CnoT8F+A4+v0e5U7Ku8lzqPsC9s6JvRI7yvvIcfBp1DcgsGMov0b5MDkL3om251D/EcrHKB8j58Hf4BA8gkU0ivKXlE+Q+8FXsAC/Q/2HKF+jfJY8Ar4IdGGOT4r/JfpPLqDuc9S9AD/eEP8pbyFPon4G9RdRHhb/Ke8mz6H+YSyq7X+77uviP+V95Dh4D3ybxTfGoPhP+TA5C85hQR6+7rqHxH/Kx8h58KfYg1ug87L4T/kEuR985S/XHVtt9uY1ymfJI2DZwx9jDl4S/x36Ty7I+DjPHsT8vij+U95CnkT9cbT9Ff49Lf5T3k2eQ/3v4Dvhn5z7+yjvI8fBLTgXHocNT4n/lA+Ts46xvRffoXvEf8rHyHJm92Ju70Fht/hP+QS53zFn8WMBc59co3yWPAI+hO/3U3jfKf4zt42RC6h/F2MPQudJ8Z/yFvIk6n9G/cmQOe87Ke8mz6H+Gcx/J/CE+E95HzkO/uRPrCGcM5vEf8qHyVlwHrFJ3jB53jHKx8h58CmsjWa03yj+Uz4BNufqOuxrcyK+CZ1HMZcbeDZHeHcuntWmLO1PoP1F9DvIHDeOfsI89+X85J0VTKjy/w4RfRfLiJGqu1fadHd3PZDdlt1m/uOIV+zxnpVyPozy7mrnN4fcOet5LkfRNsYzNfuHySOmqZPg6V3WmUK6spW2TWv776rqxeRVcl8dbDR323Tlv52Ijpj0JH6sK36bu5S67/zO3358xIyz3Bb5j2OwMs563pDGljjj4B0jXjXGudELuQPTX38mY/wLUEsBAjMALQAAAAgAg3oWVetF8sT//////////wUAFAAAAAAAAAAAAAAAAAAAAGVudHJ5AQAQAOASAAAAAAAAWQYAAAAAAABQSwUGAAAAAAEAAQBHAAAAkAYAAAAA
DeltaRocket,UEsDBC0AAAAIADp4F1UWHRxW//////////8FABQAZW50cnkBABAAEAwAAAAAAAAxBAAAAAAAAKVWTWhcVRQ+7+Vl5k0zHZ/pa5iGko4StUgqxdbS1qBRWphFwCxaKJK6cCOCC8EuAobgwkVWMkLB0E3TIlKhaBalFHEhiEWhqxJclCIR0pKFiy5EQp3M8zs/L7nz5iYteOHMfXPvued857vnnPdSyscuquE3pghPRPMDRJ/L+hxN0XEao8N0VP6PU52aNEkH6RSN4n9CE/jdsvP/R2RzFWjmMD84P0yLL7xID768BW+MgChw9O/3Ea1BWv1EC5AZSAtBrGBtdF9AE39dPXtl5auXK9D9YT3LYsyLzxDtwTwLnXHIekh0B/I15AKkCWlAVuHoR8gsZArSgPyNc7+S8nMOMmaYV9tZxjxkzggLWE9tZFm9oOPT+8ij1/HoXfToBaYTFHhNaT/VBWsqPDK/jNc9v/pbLLrF8+1tcBf1Rjt+3D48Z7In88Vj1qPnjy/dzB83vsRz1h33PfaLeqmwlPbYTreJNR9Hs14+Qvvv6k1n/nv04Z18CrzXM/99FfWWt8HX8fjV/OnlwIe74+Ev9dzNk/g7jv/cm6pOb0qkW+n9T0sNTqJDjaMfNZVzagCpjjqqM8lzU/wdNu/do0ylwspBqW03zRhfP2OCcM9rFk4sHSNi7tacQ8uQksRdsr5Wgveoy1uZ6916SdPsc09pGF+3hAMK+XlJn7Mj+PnD1h/a/JjnsATb/Wofz/FWZFEMz2WsWOx9YxJlLxe9oww9paDqrN6Awy/2EX0HB9xb0UbpkfXLi4FykUTKB++t8UKY338ifpkLtrkg96tcvIJeM4P5nsMjx/7PvxJnkOdR6GAJJRZdr3VUj9dOmE03p0obW/v8Lqk4+/Pw0XyW6J2K4nmEnv4L3hUDAPkz+G30qe5Ptw9RK2D8dYkltTiCzXeXYuG4O/B3wRPP7XZvPI/1LuV51NZvKt6Qz562fMrtfNPWen3D+HPjPONgZw5uwvbS8gmxOYc9nmfaeofXymr3HnQW331VdK6azgrm91HkZ1F0/fatoFmj9fjxt6+L/l3Tv4P50nNEh2LFXwU7MTjK7/qG8ZP38BH4bDlrOT8PN3a+b65BrfMhqZXYbiLP2SGrX7Y5aGdcfmrKtezvJY0t32/B9/wI0fldeofryKnhA8ABPi8zj5HqrnzwmuXBYFc+r1lfVHs1PEe2n8p31jVPvL93do73nBPv89vHK3ky4P0GGJLzO/G023zn5xaA6T0c+my31TOYjux8Hda4lnNePvTUR0Ij9u7U6k4cX7TZo/NvvhoNF3i6XuApsfxLpLNVJf+KnAUOZ02Hs2GLnTbfCFuccX2c7OKrJuciY6tmEbxtNe3ij3H3kVVEzkVgOAcFVSw4GSN/p1oXkvdZyeLj+og8vTjvUalhSguYkpeIjljsFYlsyLhUncT2+N1V6eJPrTCuvZ9Mv/Xnp1MT+7+P3vwPUEsBAjMALQAAAAgAOngXVRYdHFb//////////wUAFAAAAAAAAAAAAAAAAAAAAGVudHJ5AQAQABAMAAAAAAAAMQQAAAAAAABQSwUGAAAAAAEAAQBHAAAAaAQAAAAA
BlastShield,UEsDBC0AAAAIANV1FlWACOe3//////////8FABQAZW50cnkBABAAsBcAAAAAAABgCQAAAAAAAKVYAWxUxxHdOx/22ZztwxzmgMO44EQOccgVHOokFwrUTVzHQq5LWoLcykIWohGhaWpFiJIIJQghYqVWZCEUgeUmKIpShCxEUZqgYlVu67YRdSNKW+RGNHEbghxwXePYh++2b3bm7u+d/wVX/dL8/3f+292Zt7Ozuz+o6CpSJbj7lQ9vSrWXK1Vv9BtUk6pWlXirMuUaRV8aVFhtVCEVQY0YNNxGrYqa58Pm7lOlqK1UW/q78nTgNuBTagjSWoiW0NlePN9apNQgdHkEYqzauMSjNoy+/sSrLx9dvR3lMPpTpq2AsVRJL2HcSz7XmrT/gIz7uY1UO3tGtSb0UIFSC/EMUf/oqBOyDVINueqFDZB2SARyCZW7IO2QqDQ2hEcvZDekzvSsVNOM1hE8tVyEpCf54bVsSF3ns/ApLD3d8KMu+GKUkznwkYR7+x6VyQldI8CGs7CVLji6OhK57c7Gn01yO26cJF3wVXq2HcUu/DXlwLnZG5JY8UnsBRAvIXm362fYYaI8YiIqJHUyr4VmDriN92KLi0w7IiZyfXiz7cj240sWN5n1yaqUTQvT9Su/IObc7KjVs8dvhfCWy+6w4e/OdrvVP6lzx4sb/lIOvNeFl5BhZDanERfbPDnrq1mcRu4QsyqdcfJNXFHODFg5M6g4v5iYQ0Wfl3NHK8rbkC2jyI8xZ6YaLvmqTuVHM64hk2NT0VeQRuWreVmsVaFdMprD/3lrLKoh0Sy0R/KWJ11bqZUJ46u5vKZXtr8DTu9NOt8Gbmr9C+SiMze03v5/+eNcBfDI1R/F3b5kxcpc/RnP4U892mnQzrfuMa3b4N8u+PWk8afetBWDX+RLLSwPp+OlJu0Pr4HROfpTLf6odL/kT61ZKZ11xL4OvKcU5bRdiuOm2NjvMz5ctMbDk1p/WJdH7538rutMLAbFe47YoNV/2Orv+L+1nj+p9YP/0brF8NAIm2Ky9ivDQ0Tew1k8hP5nHtj8fBlXsnmj7A92ZdW4uobHr9rjjG/IvJRYPfpkz8KeeixueA7nQ+/LsIbeD5tx5lGslHlLtvyL48Mbp6c338w3Uxfvfscrbz/jfDXGs9n+z74KTPySWbXG3gA0/lS9vBqZMYFZ9fw52yEfl1tf2jF+PSBsxS2tHxd/7nR9GdKHxLUf0gCphMSwFwtBRtH1AGQY6ecspBPSDjmPFNQN2Q2ph0QgE+jsfchJyH7IVkgNxAcZRh48K3utdkgMEoKMwtYByHFIB6QJUgWZ8fDe6xTkIOVOSC0kABmh/RPNXZk79ZKzKSvWwfZ+2NsMG2egqIPsRFz3F5YYLlZPcrx1Tmg9ghzWgITfiPIRwuwLGswWwfQBkwTmAeyBv4HyaegrJ7idZwVzCZgfLIEfKDSg/AH0bV2lBnNUMFPAPAMDX0S8PIbyJPRd87ivdwUTwXg9hiAOoK1HUV6KfezYC9zXh4LZCMwT8OsubDK+TjtyYPq+xe14P2dMOzAHP9P6m4gD4mUH9ENRbuduwRwG5hgwl5H7vobyIeh73ys2mEbBnAImCkwbJsVmlN+G/uog97VHMEPAvPaJ1rdg0ybKS9CrN7mvVwUzAczNUuQv+EBzfBz6Ax8yP+cEE8a3XkyqTbe1/irK5VPOWFwRTAyYMeTowmta01nioSlnTJOCaQNmETA92Oc/gvL3gGn+Pve1cooxB4G5B/FxL9qhuf8i9NFljHlUMG8B8whsPgHf6ATzJvRtK5ifpwTzPjDfQYL45VLO3b+fcmLjFcGMAbMKY74K8fMVlG9MOeN1RjAh2L4NMdqMcV+Pctk0xuunjLksmDpgrmBO/BbtPIDyemA2bmab44JpBeZ+YBaXKbUW5e3A9NZwOxXTjDkAzMuw59MynvMvTDsxtlkwJ4H5M17qSzkvvj7t8LNTMIPA/BHr6xto536UfzPtxMYRwYwCsxzfj2Fdobx2fdqZF6cFE4TtO3Heu4o4u5cyetyJ1Q8EUwvMj5cp9RPMw9Uor407Nk8KZhswfwB/J9DOPSh/G5jgj5YbzNI4Y/YDsxjx9TTsuRvlfdA3l1YYzAbB9ALzNDB1mK93odxDfVVxOzsEMwDM72jHhyetfb+KOzF/SDDX8O1TjFUv4mwlrSdxJ+bfFkwAti9A7GxCjqX9aRH6De4r4PVdMFFgriAnvIucRnv0NcBEBxkzLpitwPTNV+pPkAqUW4AZ+jvvS8tvM2YvMBcwj8/5ea14Dvpn2v0G85BgjgOzboFSH/k4l/Zgj3fg6DGz8tC6WALccbLBw2vKOPAhWV+8GXtiZdb4mKyphvs4n1FpLS611udu6AtFH7T0pyz8Aks/E+f6pC/LOuu14ts74GAAeWQZzf2EYz/VuSj2V4j9Z+Jztz92m/8bUL/zrX633uY9KentfcduS19s6c9b+pIs+yP41oC4I/uXUNzC/rHiAOf/Gcn/wFzG5uSfsH0RxS35OFPEPiQk/wOz/mPkJc3+7YC+74fzOf8L5jAwz2Ku3ESZzimH8OxtZEyjYE4B813kyBNx5vp00uGTxqQiwXzWCZ/embnz2QlskfBQYPFwcsY5G/pt3ix9oaUPJDhuSF+Uxedu1Om6xvtksvcp2N88xXyuSbKPXTO85103weP0StLhs0UwZ4G5DzljcoLH+Az0XauYq+cE81dgbiA//Xqa4+My9G2nuZ3XBNONZwfyQvwW24oRxrzyW3tzh7GllKstro+g7n48/yL87Um4c52XxfNEwuHNZ/OWdPTz7HOTpc+39O8kODZj08z/OXyPPsj+7ZO2hymW0Fj7x9zmFfqH9BLz3SOYYzT/EVcTH3GZz81+Yy1xkuLsouAH8eyEEXnX2S7+N+ngg60BYS/fnL3zhU2/KkOJW15P8+ETzifEedkdOA8L53S+oBWNd94Bc74YI7+E2/Fk7njvo3OznOn4T1Io3VLmFTC5Ni/r38mIduI6+59WxPwDcvMhmNGWd1a98Jzq2f9d++ScPDbCdhALPjmPBMy5L4UtUjzSfjMuqfij3rZsabovui66jmsF0+OSeZoBHg0Nu+zpTU6CHYeLPeasTGs3nWuuCzf0L5fW6u0yZuVpL4MqlWNTmCcFE3LBDM9z2g4iGhwE/1siXq7lMUePp/9jF5lIIzbI7/6Wmv7n3/hbf+PPfr6B+1Hylfuh+hQTZEuLaaPc4jOYPn9m9xG0+rjw2diFtd03TR//BVBLAQIzAC0AAAAIANV1FlWACOe3//////////8FABQAAAAAAAAAAAAAAAAAAABlbnRyeQEAEACwFwAAAAAAAGAJAAAAAAAAUEsFBgAAAAABAAEARwAAAJcJAAAAAA==
OmegaRocket,
DestroyerVengeance,
MiningDrone,
BomberLauncher,
ColossusLaser,
DartLauncher,UEsDBC0AAAAIABR1F1WzDtns//////////8FABQAZW50cnkBABAAIA0AAAAAAABvBAAAAAAAAKVWT2gUZxR/szsmEx0nYxzjNoa4LaksZS1a0hLUFguhRMghhxwC9aYghZ5EsJQgHtpiT+2h1EsOORSUkoOHEnJIi8XSain1IqGoiKU5pCDiQfDfZqe/9743s9/OfkmEfvBmdr95f37v9973ZhLK1laKcA3Ixy+iqyHRZ7J/jiZplOp0gEbk/xGq0DhNUI3GaBj/YzqKa8vP/1++3kOgOYf7zQ8HaO71fXTzq0VEYwREnqW/UiZ6BPmhi2gJMgu5vo1oFXvRbo/+XfjgrUt3Lr7B+X36JE0D3Od6iXbiPgOdI5CnJaI/IN9BzkDGIVXICgItQWYgk5Aq5DHsrpPhZxpSV8wrjTRlHlJrlQpYx9bStFLQcel97NBrOvS+ceh5quMVeE1okCqCNREemV/Ga9v/+VsgukX7xjq4i3rDTTduF56pdHO+eM049Nz5JXn/2PnFDlt73XX4L+olwlLS4TtZJ9dsjaSdfJT0v613PHXX0YV34iXwzqfuehX1bq2Dr+mIa/qnkwMX7qaDv8RRm834M/Xs0pmwFXatGRXLDhHjXYTRcTmPY5hWPCN4Kg1iZlUFn8FQFxvpU7keUCTtqxvx2ldNzrndcoyV59AUx9Y5YK+HAFXWZ/OQLomUxfI1D5I7Oy3rvQeyABIyP55yNmv2ynVBEztQU0cWNYW6BZftwld2GgyGmNqT+tyynn6Wpj9CfRhDM5L8JsDlKNgdV+YGLV5rua+qXOsvyeuwk1eu34Rya6+uHlPr+eIMVI4Gnqepr8/YD7MeSve0VkkxhsYjMOao/AC73dhR3BbXpNXanOv9uByynswB0++78Q7bbmrLdQ4B4i+AvOIZPAlAN/TZA2wMlkw+dczcRT1f3eItAuu+9k1F6nIB8neBD7Z9/kL6xcvOXKnAwUj+zmafJF5D5Bqpr3c1pu23f018ltj+I+3V7PkFxNuxh2i0rExBd88A0UGQu4haVMskca7+up9OKv5QOtLPzwBpXXzlIkLPzxTy42fLjc7cTL3N75ruf6t6bHtYz6Cdz4I+Z7x9WuG2mdxo5cBcLCDG5MWD4vuLhum18w1zToZ6jf/b0Ll/7JDofK86q7gv42OjH/xsyedYICh5fn395LDo31b9Ww3TMzcik0cIlgLpQ8PVrDU3WN5BzE/Ym9fOU3Nt4x7IePrJqmuvPrN5iAy3JUb8KpkcsufnYXv6FfCzy9TsKWr2CwLeS4yfK76p+/1Tb2vd+7R/TS6r2t+e9mIl7+9EevGyI6/l5sZ5TZOJCcbpNalrqLPPnNV+VWWf25zfSv1iv55dt2iY2Hn/A9Ob2NzVZzDEmDK+2lfgjedjxsvPjvMQ05B+YwQSS+epZ+Oq5N/GEQ0UeFoq8BRrn8Uy4ULpsyJnvsXZlMXZkObeelfkuctZGXfwVd2AL7bZa73jshWgF3w9CRk3nuLuE3SB4GaP/C1P+cz29X1Kci58x7vGU7sYKHyNxuhizZvnRU8bT2YCcrxr10bfX/nn0dETZ7987z9QSwECMwAtAAAACAAUdRdVsw7Z7P//////////BQAUAAAAAAAAAAAAAAAAAAAAZW50cnkBABAAIA0AAAAAAABvBAAAAAAAAFBLBQYAAAAAAQABAEcAAACmBAAAAAA=
Dispatch,UEsDBC0AAAAIANh6F1XwwXvh//////////8FABQAZW50cnkBABAAuA4AAAAAAADvBAAAAAAAAKVXTWhcVRQ+72WSvDQ/fU2f4ziGMZUoQRIbNMbUxDStUbKomIXVYmspUlqEUroIpYtQXIh0IeqioIjUQbpQdNGVdFGKoNYiLlxEwZKFiyhdiHQRJEmneX7n3PPm3bm5SQQvnHkz956f7/zeNwllaxt14TOiAr4RLXUSvS3752mGRmmAhmhYfo9TiabpAPXTFPXhd0yT+Mz1/P9V0GcH0JzHc/fhMlUfeZR2v38V1hgBUWDxLzYR3QFNNxPNgIZAyx1Et7F3uhjQc399dvDCHx8+1gbecCVNIzyr24l24jkHnnHQckj0E+gyaBY0DeoFLcLQNdAcaAbUC1qC3E0y8TkEGlDMi7U05Tik1godrFP30rTk8Pj4Tnn41jx8Fz18gfIETlwT6qGSYE0kjhxfxmvLP/5DJLyufG0D3C5f35oftw/Py+nW8eI15+Hz+5fU68f2L/bI2mvBo9/lSyRKyTrdyQa+Zms4XR+PUH/bfEdSfx59eA/8B7xfpf58uXzzG+Bb89g19bM+Bj7ca574JZ7cbBU/k88WnQnbIJfPKNbTo3VwRHpxv0yp8bqkqXez+oWfV6/YHVAUjasVthpXn/S4XW5ZjIZAow43M1Ut5nflswWWCg2a2Z9ToGPcB4KE/YrkJNKZ0o+JHG05LVvBZ2CNqa0o9yLESEoLVKjPVFnLaTpYJPoEA5FnIsYf3dE5dxHEvn2AGXpbz67wR5jlLRZM7A9j/khwMwqiEzB2Ds9blv9s9+xqmvJWlv/QghKKn2a/uGL4eG+P6rRr4Z27+TnnuM06n4dP0zuIXmozeM6A93vM+HaA/BYx6G0iua2+uTFIxwV/SXxJ1I+gfucYLOzyCGberMefF+6u9wcuppk/fbo/UpO9kGWfl8zkev5cNTU0ofGz/ayu5Ng5Bl9D95X5PaLzxxXOJ9F3eL73ANHnrUbvLfBUX3tCeP5WniHYeAMNcBDN0lzvH1Nj3D9nvhgT/sqq4S/h+fEuosHI4O9AdCLEKMs134Ed1t3wCpr1kLWXxedEbeN8S+2AeQHPq3x/MQ6eaVYdVDS+rLNb5e34TFjn95HxzT4/as5DtvU0NeKTNxqrjrimtzvnl1Q+1LNu5/y6ynNuphSDfX62ltt/Vedjft6ld3Ak9del/iGV9KDFdxk2LlSIXt9manESsS4/BDkA+pTroWDq7PeTT2k9dzf0ZTWw7bLNgp4nYvOYJ2+Vtc3zFoN5nucBzwdP3n616r3d8w7xTy3PW6fK2OfFe+a8SfPS7vZ/msd9WLzKz0eAnfefBO1w5E4bvWF2njjnNyy79ys13kFFuWcinRjZ3C3qCMvqsGzJHYfOoxB6q9PEMcatU1D5ErSxf1k+3/TMp5gq+s5hpqveXYGNq6QzkiNRdvK74OQ31v6P5XbokP53c12wcj0LwVFN4M/apzwLp/XO5ZiUNSZUv1nzmDCuZ5y6Lzt1z3b266y1+XocPtb1rKB3+jjN+2yv1pSbt8rGeQsi7d/YsV9x7DO+nUqu/oc30c9yu4RrvVzvJnLs70mdCUFDD3ZLDUVW7QSa16JkL5IYcV3wf598tcg7U0v9PSOu67EXi5zTuzXRWCROLAbQ8GP6DtQmscsnS6z/K1jPUpDzyL2F7791Tu67Nnh9sr/55kSsiLMoxMqX683q1Vhnv778Ze++Fw9fEvl/AVBLAQIzAC0AAAAIANh6F1XwwXvh//////////8FABQAAAAAAAAAAAAAAAAAAABlbnRyeQEAEAC4DgAAAAAAAO8EAAAAAAAAUEsFBgAAAAABAAEARwAAACYFAAAAAA==
DartBarrage,
HydroRocket,
InterceptorMBattery,
Suspend,
Recoil,
Immolation,
EMPRocket,
HydraBarrage,
RemoteBomb,
RelicDrone,
FlagshipWeaponModule,
FlagshipShieldModule,
FlagshipDartBarrage,
FlagshipAreaShield,
LaserTurret,
LaserTurret_Laser,
CarrierLaser,
MineralExtractor,
PlayerRocketLauncher,
Pulse,
ChainRay,UEsDBC0AAAAIALJxF1VNldO7//////////8FABQAZW50cnkBABAAoB8AAAAAAADfDAAAAAAAAK2ZDXBU1RWAX5YlCSHCEiIEiJgiA5QGjPwZHAyBMhiVYkQKaBEzDlCkVBEzKaXUSZVapJShDkWkECOiZRhLU+ogw1AnUMdSpmUiAs0gxWiRUkQIIUAIyd5+596TvMeyqzjTBydv793v3XfuOeee+7OpnruSm42J3Op5hXwe4xV5/b1sPuXY7wZ5Uj/By+SbiJflpXr51KTb7/K8XHu/0/4NQ3jeTCSCLEQ2dPS8LcjuzrR7k+cd4z6zr+dVUsd/L0nfX9grySs4s+m7xYdfHvwa5Sze5tl25D1tWoap97yyJmOk9hgNrEjx2q9d/zZGyP386cn9TJh3IyVINnKqg+e9jSxDpiLZSH0IBilBspF6FNqNLEdGIGGkRvqBzEbyrRa0cdUYsY7RS7oi97Y+hQJ9k6sRPivAy3VbHC7TxG+3l9bF8nKtaTEmO6btrpSjCfj3EvBtbCzfGIfvF2CD/LGW+P2M125//uUQZ2H1dnq7n9uu7hAuChPZI7bd7NbEfonG4fub6/XtGscvk+JwHRP0K1NjN6zjQPqVqZ+Dz1+jh+3lV9si+ytsca0e2XYkhfkU1COef6Ixz8+OJrZjKMH7ss31cdJmo1g+nMCe8dotNfHjNZ4d5dpsEo+HePyhOPw3tJ+xdsm0EXu9TbMTxHw0gV+ybHx8uV+6Jnw+OG66tz+fyF9yj9fOvmbh0jTDhvnkYvRmjd0a/iwlR+aEXE6fwRyQb+eHQtvjEbwxq12nXPusi2U3M8SL4hQvOaZmEO3KlRRtqxF987SF/pKHY56oXOnmjhy+y0S68bmOvLPqqu23vTpIXkSKtS+z3XfhXPvGzHZdvfaZzIvRNcXOe6JOFQ0U0vHvUXjLtRNy7Vzfv+svvx2x4Rn3fAf3fKT93f6VmvB58d9o66NIQOuwLbXF2siAk2tPGbPpM2MK+OI1679J+G8MXiyy34+wUeSurBj/ZV7jP3+STbaWj+c/O9V4zeq/sOf8NsLGy7VX3VA3tnYGcudmZCOyBV2ntfp+TPbcmmSErkOyNUal/YmOC03Wuz4XmqX3ue4eLnH3DvLMjFa3dhA1JTbyKGfa/l4rX3blnTZm4zljhjN+KgN2LdLv/892TQqOiw66BslXuwSvyEBn16qYOWmdtVfY2mx71LdtxwR2rXBM6E29b9P7DncPV0V9e4q/gvYsj359e5Z/bswnyFOXjXnV2rNI4/Tr2vNG8oxn80yy5slQIEYnxDxReKuzZ33AnsesjZKtncRr6bYUmNfUN/2131JulnwcSrY+tiyfU30Nw6m0kkKN9uFLcsO1V9jr3O67NvtHbEbOtE+nam74uv6IfGHMxZPkjIvGVGgfbuSahrTwwn3IGmQBspxJrATJRyLIoC5ASC17gSrkBJ3cjaxBFiCb2R8sRaYiuUgRk1IO0tSJ+QjZgpQjM5A8JBWpw3A7kdXIPKQQyULqGV77kEpkMVKMDEpxw64W41chy5ESJB+JIKcYFNXIOmQhUoTkIE1hNx/KfqIcmYHkIalIHYNyJ7IamYcUIlm6t9iHVCKLkWJkUMgtLGoJqCrdZ5Qg+UgEOcXX1TpmZf9UpPO6xEo99luM7VKxWw222YBdJtH/7fXGFO/uYf1UVu9y76GzxryODGG+kbx6hPqFaT0ts16ZJr6vZNzdxn5K9jfN1FeNvNky7yqTTZ4bR747/LExv6Xc9zz7xF9nWeZTZQphymFGsP9aT3k8TP14xySfd8xsmCPM0bPR+xXKc6mved69a7Ayy2Gmkj8q0lz/V1Cf96Tr12Rl3oLpmcEg/q8xL1PeRv3qGa5fi5SpgRmCjVaiz1rKB6lf+EqmZdYq0wiTTL+XEye/oXyJ+uIhvSyzS5ks+teALE13a4neDcaULHLtHFdmDN//nj59NtjzfkW5AKam0ekTanBMCUwFOg8nP7N08R5v8H0xQJllMAUsZKazsfol5Reor+vjbHifMltgVqLvj1hcrqC8NaDPk8r8HWYPKWDsJWOWUT5Affkd7l0vKVMv/WKR9xT+f55yQ4Pf9x3KZNK/q+zTp8A8R7nHBT/GjiqTD1NEjpxGez+jfBeMN9/pHFVmptiefFL7kTE/oTzrgu+vfhccUw7zc3LNsMPGLKH8HPXl1a5fE5XZDPMh7eTXGvNjym9e8G04X5l9MAfQ5dxxYxbLOYDo81Fvy6xS5gzMp+S2vdhnEeWz1NdtdXG4XZkIus8hvlJ539OUMxp9fY4oMwJmZ50x56V/lEfB5Nzj7NOszAyYJtZft8jcRvkRmMJkZ+e+jY5ZCtPABq4XE8aTlJ8NvGu8MpUwA3p73l/w6w8pbwq8a64y78E8hK8G867vU36/0ffFCmVOwZTB/Bmd5lI+3ejHxjZl0tF9IFwp3BxJ1Rd9+xxUJg/mLHP1Qca8nIkMg6ns4phLykyFWUDuuZeN1CyZGy76eaP3RccshllOTjhOzD9KeYkwOa5fBcpsgJnPhz/muD1IBfXV/3A6P65MNcwpcufc29wafW/gXS8ocwJmOrFxiDH2COWTF/1ct1WZVHRPIifci50fppxGjBSO72qZA8rkwvRlXPyLvk2hPBSmcmOGZRqUKYY5ybgg/ZgHKU+BqXooYpkelxxTCvMOY/Ad1p8yb5dRX/yEe9ddyqyDOdiD3ICNHpC8Tf3qMveuWcrshjnUh7hmkTFZ8jb15Q845jll6mBmo89jvOs7krepr9vn9HlTmTC6v36L5/2NeWuS5G38u3CQa2e/MoNgtqHPWAr3S96Gqfr0JsucVWYSzEfMr0v4TtZTk7lX5rp3ZVx2zEIYQ37eiT7flrxNff05x4xSZg3MG+TVFPw2XvI29TWvOeYRZXbCvAvzEO2Mk7x92bfPs8ocgxnJHHkP/pL18nHqi492s8wmZTx0rycuZP84VvI2MVD1nmvnfWX6w6xlPXMeXxRI3m7y/X5amSKYMeT5LZTvlrwNkzc6zTJdmhyzACaD+f8ieo2SvN3k+2uYMqthpjMPDuA+UvJ2gJmmzNt8F6WdgjPMu5K3AzovUaYW5q+YWmJruOTtJt8+Fcq0SEzRp5doZ5jk7SbfPnuVyaE/nxMXDxJHd0jevuLHxkllJsAc4sNj59zefSJMpMC1k3bFMfMuu/XIbpjbJW9f8cfXUGVWwowjfu7u7nnfkrxNfXWnLpaZokwVzFjsfCcyWPL2FT/GypQ5BJPDemkUPvum5G3qS1a7d61XpglmEW0U9nF7oChjqHztOrsOzxDfwMk6ZJiugSc3ub1NWM+Ggmv+GbqHyNFyLs920z1bt8D+YUKgPiNQPzNQ3z1QX6q6Sn1moP5tdLmdMXSY8ThQ/I/uCye6sbikWf0P8+gnxrQyRuQ86ij1xb9w8VihTAvMh+Tx07TVT23QxuxVJgcdXmTOfAYF5FysHz6serqz878y0q8PmFeOdnI2uK/Ft6X0axfcUsmRah/xQTxbdoixY2mz2/NK/7sE+r8yUN81eI4QqI8E6k9ccWcho4FvFb3pQ/H9bp7delXzP8/u7Ol5P7jZ7anS6EPhn1wMH1AmF2YONt+B8n0kblv8MdWgTDHMM3SgHw7uLXELk3Oku8v/LZr/YULMI/+kHTm/XdLq20v8f5q2yrl3SnJ22N98Y/bafNXFlfS/c6D/u6+6fbrUpwfq5XeMtjPCm2LODbL4bhYdEJvJrrJ3q5/zjms/xsC8gV3/kOzODQtafbuGWnX9C/ME65KnW1wfHm/189kAZUSPxSeMefiKi/8XqK/JcDa7T5kt8i7WZQs6uvEp5xJBm/VtdfuY36ktoldvfLzK7xZtdkgJ2KExUJ8aqE9v9e3cKVB/qMW3c1qMPee1uBj0dEzMlzP2OS6+hkY1/8GU0vAXOE/8sUrOWpY7O0xRpgpmF8F9LMmdAsqZTvXnzp5lyogeo1GsE41IHByJ+nuF9cqs4f4ZfktJ8+zZr0RrxFoz/bqTBonjoK1XRN147qX2m996Y/E5IerbMxzMf4H64O+CpVHfnsnB/Nfq8t8GnCX23yFnLD2dLZdo27UwP+WhjR+7No8af21docw67nuIuYEf61rAnoenWm3FJm1z4QHl90keooPN/3F5RvguAV72mel6NpSqZ0PufF3841o+x/sWnXBnT2LzjK+weZbaXA5OZJZL1VNryYeN0i+17dlo4niXM8FSjXv3S1NWe0vXXuk298X7LcZ/JlbXiH0mI85vcicCv0HE/qaWbX/DSNxex8CZZ/C5Kvf7hrfqE/cusURYz87T9Xwrqd2XNrNb37TFoLxx8uRJQ/KG5w13T0XafRO8Qvr7Qaaeq7XpGtHfDzrob9CiY9s52X4+b35xzJ6ylwuru4Y+KIh4PQK6RdrPWOWZV/XMVfR0fk23el6ePnLPndsfrb59XMbY/wFQSwECMwAtAAAACACycRdVTZXTu///////////BQAUAAAAAAAAAAAAAAAAAAAAZW50cnkBABAAoB8AAAAAAADfDAAAAAAAAFBLBQYAAAAAAQABAEcAAAAWDQAAAAA=
OmegaDrone,
DroneSwarm,UEsDBC0AAAAIAGN0FlWD0jLY//////////8FABQAZW50cnkBABAAyBoAAAAAAAA4CgAAAAAAAK1ZD0yV1xW/7/GABz7giU/7pE/KlDpqqWWVUuooQ8da5pCxzm6kYYYsxHTObawjjXHOmJYY44hjmzFkUUJb0hBjCDHGNI6sZKEd3ZxjnWOGOeNaZqlhyBzlzwO+r79zz3nvuzweYtJ+yeF+97zfPffc3z333Hs//IqeVJWOv17lwZtS42uVKtf6UlWp8lQO3nJ1PV/RLxUqqMpUQIXQogQatlGoCnT5Rf3XozLQWqm66O/K1Yg/fR6lBiA9PqU605S6irIQ/fVDl0AgxqqytS5VOvrac0NHT26qRj2I/pS25dOeKukliL9zlm2T9t+Q9S62EbFzc8S2CT2QrNQqlAHqHx01Q2ogeZAbbvgCqYeEIFfQuAVSDykQYwMo2iH7IMW6Z6Uq52w7hNKWh5BU0jjchg+RpycGH8FSGQ8/GgcPypS1BD40H9++Sy3khJ5hYIMx2Jw4OHoa55f2OxZ/3mI78Tix4uBz7cV+pMXhr3IJXDx/AxIrHok9H+IlIO9m+wV+6CgP6YgKSJuFzyq9BuLN930GFwv9COnI9eDN9CN2HJ8zuFnYnryK+LQq2j7nLjEXz49Ce/H8PSC8LeV3UPO3vN/x2nfYS8dLPPyVJfDuOLwENCOLOQ3F8c21ZHu1iNPQMjGrohknSccV5UyfkTP9ivNLEqQBf3ITkUdhoAeD6IWBWuhrVDVyRwnyZ6VkTPaFmc2P5EkdZwGdTRdHYbLuwXzyYJceyx3RkO+E2kW+QPbHtIismd6YtdMpGT6kI4zKDN1/MLqe/Npfsu1KYFNXj3mj+YjaZoY1f+Kr0iMt02MlT5lnv6zNyzPM9aCU16W8KeUYl+5JqVtSRuwPjNr2ukyl2sZtu1rzW65zc4nuMaT5DUbnfSG/agG/yVEOklTiEvxyGPxM+C0QC7UyNvMZc/NeViPjpzw1gBy6edbhxiUcnGW+Eujdy7FnJ0qbGxbjqb9bhv3+/9r20UnbfvL/tv31TzXue4krpX14RdZGZNwn7jLuFkiTjKEfY9g4t3jcHcxFQr7uyR/HI7XIwzzxJ8KPXzKAikanE/+7jZbTY7Z9/GPmq0rzVSnrUMWsQ4r1T7sOnSeSQ4pFymJ+93+ec1xLzDrcr0fj0Tx9d97hLlHxuaxY1lqOcDnO/LrpfYTf7S/gz2Zu6y6SspRLT868E3NBfrd95kiwnlrgO63PnXfNW58FXy47Hl/Vsn7MZ9+DzFdnDF/EH46Q6qLFZz2f8XtkjztjLc9jseXwWGA5PL4k+kNSHuHS84Ll8FhnLeax4X+2XTGB3JjIeaBGVWkeyyXyPuO4c8XmfxpjvZxZzWfPVuYxz+U0CuDlfv2WbvTqkXtBfE4pW/r0jug8hD0q/ZJfFXF4brcdnltth+fror8pZZhKd5LOyboPvHsdBtwjjPOQnRti51Htgw8ob2QUkmOWzzBmjjHnsRh5480V6BDz+DUZw3LPY5CrOBh0QBogFZD6FORoSAAyCmc8kGvYes5DmiHDsN8DOQHZBymHhCAT6PASpANyELILku/hgV/Dgjkv95l6SAkkABnFBPdBTkEaIZWQXMici+83ZyFNdC6BFEJ8kGG6o0hu3yfxE5L1Ugv/h+FvI/zMwQTUQrkde1BvSrrmIwnvVNYj3oeRbytwZNhBsUaYA36N2SSYo8BYwDy+Rqmvon4M+pwJtlMlmLPA/AiLetTDMdQFfV1Lhsa8KJgBYBrg4MuY+2dQfw/6lkTu66RgJoB5BkHsg62nUZ+EfvwQ93VRMEHsDc9hXA/iIP8V1LOmbLv7m2znumBKgGnCvvsNxALxUgrMQAHbcU8xpg6YVmAGkT+/TLkb+vbfpmnMRsE0AfNP/L4Lc7Qd9SPQ3+jnvnYIphOYqdvoB3xvQ/0M9OoN7uuHgrkEzO0M7IPwj/aVy9Afvs78/Eow48C0Y662Ya/9Eup3ppy5uCCYAPGBvlKwmOi+vmbamdMhwRQDsxqYNpy3nkJ9KzDV3+O+LMHUAvMQ/H0YduibwG5gCu5nzPppxhwG5in4fPpD26avBC9DX/cA8/O0YDqA+TYW/u+yOG+8Me3Exl7B9AOzAXO+AfHzBOp/nHbm67hgRoGpQYxWY96L6GwC/cCrjDknGD98H8Ka+APsPE5nV+x3ZdvZ50HBFALzKDD3ZfKaLgKmPZ/thAVTA8zP4c9HwFAee37GibHsGcYcBObveCnP4PPToRmHn+2CaQfmL9iPX4cdymOvQe8t9WrMHsH0TfGZtxV7C+W1d2acdXFMMCPA7FmNnIhYfBj1WzNOrHYJxgfff4qE/wusw02U9cOOz+8JpgCYP4G/07DzEOU0YPw/Wacxk4LZBczfcOb4PvjeiPq3gKnOyNaYrDBj9gPzA8RgMdYitnB1gPrKZTulgjkFzLt0q0JJ+18b9C3vruUzkGB68Vsi5vT5O5h71H8fdtbFEcEMA/MR5rMdsbievv+EnXVxRjBe+L4S8bUNeZjuianwzX8gme8kgskHZgh54yLyHt2V6exe0M+YO4KpBqYb+8JfIdmoPwvMwL/4frhmljGNwLyFjf0C/FlHZwnoG+p5TrcKphWYLSuVet/D+bYNfB4+2ar3KzoTpAN3inxw8d5D96KA7EPuBXdT3nNLjL32UpjvZrRfZxh7+DD0KaL3G/o5A7/S0PeFuT3pM2POXzVh3h/7kvgMsXve8Z/aXBb/s8X/rvC9+988y2c66neF0S/dHyLnEPNs0mPo0wx9k6FPj/E/OMvnNPKfzpFZ8H88zcf5f07yPzCDOJj8B76vprilMc6l8hjmJf8DU/QBcpfN46Oze/ePV3D+Fwz58SLW023U6XvBEZTtOxizQzCdwHwHefR0mLnushw+aU6y55nPYuHTmr13Pq9hPKnCQ7LBw8Sc843Ga+h9844+xdBfmeO4IX1qDJ8v4LeWET5vk7974X/1NPO52eIxNgOzAjljywTP03HL4fNZwXQD8wjy3OQEz/E56Fs2MFcvCYb8GEMOe3uG42MQ+routvMbwZxA2Yi8EP6YfcUMY115jbujw1gW7VMG18fQ9iDKfwh/e+fjc50Qw3O55fDmMfipNfSJhr7R0CcZ+vPzHJslM8z/BbqDP8njOyC2r1IswVj9B2xziL7lvsJ8twmGztkZiJOJ97nO36+82lviJMLZZcH3o2yGEwm32C/+H4GD99f6hL0k/Q0sSdj0qkzU2HIRrYcPOZ8Q55nLcB4UzukOQjssn9d9+g4yQeMSbsespeO9m7iUuOcvusGopYWPT+fahDjfMJ02sb76o9+vYr99D9/lW35If8Nd2l6Ccfc123XznUaND3NfxIRHblk+fUeM4FMVz7ZXz00kBqnHqqrKRwq2FGzhVv7o3KiY2G2WOzd/J+evv9SLX76zBv7MZxvqd6fYPw7/6te/3vvmY4d7x946V+o3eIu0I/+mccBIMdq9s6hd1qJ25NNIAvOyM/o/pFSJC58eZ+bbHb2vrvplb3f416WfAFBLAQIzAC0AAAAIAGN0FlWD0jLY//////////8FABQAAAAAAAAAAAAAAAAAAABlbnRyeQEAEADIGgAAAAAAADgKAAAAAAAAUEsFBgAAAAABAAEARwAAAG8KAAAAAA==
DeltaDroneTeleport,
DeltaDrones,UEsDBC0AAAAIAFB3F1VR6mGU//////////8FABQAZW50cnkBABAAoCEAAAAAAADyDQAAAAAAAKWZD1BWVRbAH/iJaIifSoqKRi6iOeSQUVE5ROWaa4yxrrmOmbLGNG5r5pZZY+ZSmWtmRUblNK5RuWbmKtu6xpa1Vo5jZkbqmGtk5JqxZkoIggi8/Z17D7wLflQ7+5jD++55v3f/nHvOufe9F+vZI6bB9yuTPS+b36O8sV6Kl8SvZHNtmCf60V4CV8JeohfrZaKJM9fSvTRzvsL8D0F43lQkjMxBVnb2vLXIlm6eN4tbyjlnUG0xui5cj9L2s/tFeVnHX775sy+fH76XciKteaYeaaellyH0tFzj+6It4F/NeV7r0f+w7wuZ19Xz+nI+HqJtJA9JQio7ed4mZBGSi9REe94OpADJRGrozA6kCMlHMpAQUibjQGYimaYX1HHW98U6vh4yFDm3jCnaGZscNfCJDi9HSgROjvxG309qxw7RciS+KAI/mHJzB/y2CHwXpy/t+ZoIfE+HdfnyxnPHOaSDenOaItcr5/a89KEjezdH4FP8c/vRM4K9czrgIvU3QX0ypP4dh18m6G/3/jb9MDGUZDw3Qe9pe/T2Ugxx7tgGOLZo248kEyEhfrn9iGT35nb3j2ru2I7RHbSXYkbx42NI7mAMURHqDfmR/SRS+3P9jv0kEr/aj+zfzR3w+zqoPzqC/RKMJc61faT2oiLc3zJ/icaPfnj+enZ4vzsfvVvv72he5RypnoKzwnXTDBvil/XlQerjyfKvk82FktMne7nkP1kdcsz9GaYX9khkHQi3+ov0MT2ip3TxYtpphlGvOZpbNNLfGM21mZ5dk9r0O8vOzZZ2Mboa+bv4C3llQqOxgTlidS3KRyYio7XeNLWZDHOm5aPl97Im89sXdr+1ZfQhPR/Vc4Oco2MYTWc7In7HBqMLldr6Okl95VpfnNPXlVTU92vfH8daJuvd1mZhTLr2GtQGadrHerPOtj2Kl3m0bK8dl/5z/5imYMxMmzcLydXxjbXXQmnG4gmtc+W1ruReu7nqYtZ96UoJFWRjsFsoFDYFdtrUbMclvrHW6jvZ+sNenNf+ONcTWuqXObzS+F5LNrVZNuz4g5yXOJNd/g22O+H7P8d+e4xvZps5HWWuJhnfTGyNl7a+6bXxzS6tdcYYi0byzSB0pC/pWkOBiYG2x+QB1t4L1OdC5s/zDjcHcxOlc1Le7Nrs3Fg59whsJjFapnVKn25xqPpKfOo73/+g3vc//b9s85Pi1vQhRvNOusbW6tb2guNEtPXLYtmzGBvEGDuI5eNMKTii1C9j+d+F/9ofx79if7KtZFa7G88KO97e1r/Cjm9lHqNc7ft9yI9lOlc/5Zghcd2bWEQykDjkSC/yFFKEzEIySOpxyBEa34IUIbOQ0UgSMrEHMY+EkPJ45pKOlyFrkQJkMpKOxCIVsp9m/7sJWYbkI6OQBOQ4yXwbshKZi+QgKUgse+MKTFeKFCIzkWwkEakiFHYgxcj9SC4yrIsNkQNMTgmyBMlDMpEwUolxtyIrkDnIWCQZqcdoZbr/LkAmI+lILFKBE5QihchMJBtJRKp0P16M3I/kIsOi7UJ8gPkpibI5IA/JRGTOKiV3Iis03sZqThdfysPeIWyagh33Yat9jD+NcV5H3ihZkmTmNYbfck477vtVxE0f2vqE8u3ocwuSDTNcmVyYVJ4xXiX576a8FH3BokGGGa/MXJhTzN1tnD+mvMFh7lZmBdf+Q78e+bfv76K8R/pzxjLPKbMF5qFTvr9xj+9/RPm09KeHZd5SpgLmH8T58wd9f6c8/5z0/ezKgYY5pEyI648z7myC+0PKWTBbky8wTPRJywyD+Su28oZif/Fj9FUxgw2TqkwOTCrxsDXe2nsx+oLPhhhmnDJzYOaSk/50vuf9k/I69CWf/8wws5UpghmAjS/GR9+lvFv6fLWtZ7kypTBF/HiNPr1DuRp9xWzb583KlMN8/ZXvP0Gsbqbcp8r38x6z9RxUxjth19jRtb4v+4KrYMpeSDVMszIpMNUs7ts5b6I8DSZ3hq1ncJVlxnLtMtoqZq35G+WHnbbGKDML5iv8cQ/5fx3lNejDN1sb3qFMIcyH7AtuYi5eo7wTfUmO7c+TymyS/pCP5lLPWhkC+uydtp43lDkAc6fE3QWe9yrlXt8HzH5lGmE61/n+Gsb/EuXLYQqfsHPRoEwyNrgaH9rBWio5eQpM+qNDDTPoe8uMhnkN+y391vdfpLwQfV6irec6ZWbCPEVbX1HPKsovo8/da+u5XZllMFHM5w2M63nK26WtV2yflypTAnMtObOyD3FA+Rj6qvtSDLNBmX0w3WHG9fO8ZynHVwe+ukeZepgb8fms8+06M7I6mNPTyiRhg1sqfP8V6mIr5U2CmXONHVf/astkwxwm3qdSz+OU56Pf+vSFhslSJh/mKOP+Hfl4KeVV6Cves3M6Q5klMC8cYa3G5x+j/D76wruGGWaxMuthTvawz+YPUz6KPvk7O/Z1ypTBXIANi8k/D1HuRn4oqLU5arcyNTCJrC/95BrlEacCO1crk4gNGsmDz7I/+APlCTCFr9vc0ueUZUbBLMV3PiK3LKQ8D/2cWy1zlTJ5MPHksF/APEj5hVPBXExTZhFMCf39iHi9j/K76L0X7bgeVmYtzEbyxiLia57slU4F+XCNMrtg9vLjReq5V/I2bMWXdi52KlMFs4y2BmCDuZK3YcpKLXNCmQRscCXxtZG8cY/kbRjvHZtbetVYJhNmBPvZK/D5uyVv1wRzcbkyU2Gm8yOHen8veRt9eLtlpihTADOVnLmUGJO16a2aID8vVGY1zEJiZyH+fJfk7ZogP7+szA6Y2tO+P5a4mC15uzaoZ7syx2EeIB+kklvulLxdG9RzTJkwfb0I5l8D7LPBOGHmhw0TX2uZDJgbuS7PT7dJ3kbvXRZnmJHKTIbJY5F9J9rueZajD0+1zCRlFsBU9idPs67/RvI2+vR1lpmvTDHMx8TWZlnTJW+jL0uPN8wqZbbBzLvQ837NfEyXvI2+4M7uhnlfmUqYir6edz3MNMnbp4O2jioj7wx3s+l9lP7cKnkbJvtTy3Q7bZl0mEMD8W/GLs80E4iPgudWmJ2m7JcP1dr94O1Rdk+4GD5B94fRzj5Q9h6Fshcwe2+7D255zpxVGzyTJzrPr4scfT9Hv9LR93f0m9DHq36Ao99Va/vk6zuNFv0RRz/Q0aegT9aHeHmGmFYX5ILBdbr+wazBRmvYO06SuK0L1oAxysi4DhKbF7Au3SxxWxfknTuUKYT5C3JDyD6H70Q/Z7fNX08qI+Mail27kk9/JXFbF8TwG8ocgDkgeyOMPkHitj7I3fuVaYSpoc/vYrxfStw6TIMyyVyPp885Xe1z8pT6YC8yqF7XP5iNMH3J3TdJ3Eo9w3rZ9U+ZmTBZTPAyfPnnErfow08n2vVPmWUwnw8mxnvY9w/b0SeXWmapMiUwKQPs+ne9xC36igGW2aDMPpi91HOS/eN1sp41BD7aR+YGrpTzb9XfhtdF9tHOHfhnHPf3Vj/p7fpJvX0nI/oERz8KfXfVn+/oJzp8H0ef5NTft937m5I664ujGNu1Mv4z2HqMjfUNZ3T8MN1ZAy+Js8+Z8Q1BztijTD3MKtb/Z7ra7xIjYZIfsbF+WhnpxyCY4RQul7zVEOS5/g26/sNsZL4mkTMuk7yFvmqhbStLmXyYxwjE6dH2XcAq9IVFts8zlFkCU4uRhsBdKnlL6ulu21qszHqYXMb1IX0eKXnLaWudMmUwb7K2f4FhL5H1vLFtfloIJ89BIzQ/pZ6JPPehCPMeagjyQw93vhx92NFnOPqejj6nIchLvRz9MvoS5sKgWPuGYbs8S3S141t6Vv0f5imc6BPibbjMv3xjqbHMBmX2wUwfRI4mDi6S+RcbHOph51+ZepiNDOx11nh5BzASpjjNrnOnlZFxEVretTBDZT6bA1tKv3fCLdD3a+bZrSGyLTu1s2OO1i/jj3PGn4/+PNV3d/QLzgbvsuMd/ZYGGwvb2MumSr8bAz9/q1Gf/2A+wFbF1XYN6N8U+PkhZULUfw+5cv8pu35kwZQctv4Z3aTPfzAjyLlVTXbtmdEUrOepysi4JvBMMeyMXbcWNwX+OU6ZOTDPUE//Whvb65qCtXq2MkUww+WZtMbmhd0Os1yZUpjv2cv1bbI5pdoZ12ZlSji/iQ+8r/PC6L2wmb32bx5DnozbjZM1TXYd/1bnbHzj/76OZzQF/h/j+n9TsF673zfzHT7WnX+H7+roixx9N0e/3tGf5+iPMwbZ/x6us/k11Q9i51iz7v+49270Dx60bY3zgz1QvK/7P5hxLA7f6LfU2Q4zUpnJTfZjQlq57ctyisVv2zmcpIyMKxcZdNjaZ7MfzPN8ZYq5fj19S+MZQtYjutWaF1cps4Jznny3/UKf6c33ilgzC2KXFh/crfwOsSP+8xLP9J2Uj3d48aM4nd1Yfedo3zPKmm5rbsQJUr+2307Fr3r9iF8lql9hRU+yTKy+VZd4TsNOd2g+3tzcsZ/Je6z16m8T9R2q/XKY0Fpj2yPOfHtJaPfNbJcf5F/3G2aRo2//DdR+z4o0xrBpo8XfOrn7ST/w59A59SX9YH0t93Vuv/7re/4/fmn7LhYM6beDOL0vqtUHQkbfzYlJaXH8+JyL0y9Nv9TeFW6dU69dzr5f4zlB583Oi7QTNvOWM9DOg8TSXtPzwEZh/X4i9ZR3tmPZq33Yye+6x1Pfezbjja1/ztySFWZXFozBvoFuWR/2tn7t6KZ+E2fGM7PimvdCD7y9dcq987L+C1BLAQIzAC0AAAAIAFB3F1VR6mGU//////////8FABQAAAAAAAAAAAAAAAAAAABlbnRyeQEAEACgIQAAAAAAAPINAAAAAAAAUEsFBgAAAAABAAEARwAAACkOAAAAAA==
FlagshipDroneSwarm,
FlagshipRocketCluster,
AlphaDroneBattery,
OmegaDroneDarts,
DroneSquadBattery,
DeltaDroneBattery,
ColossusShield,
ColossusSalvage,
DarkDestroyerPulse,
PhoenixDualLaser,
ArtifactBoost,UEsDBC0AAAAIAI5sElUr1Vb1//////////8FABQAZW50cnkBABAAKBQAAAAAAABUCAAAAAAAAI2YD0yd1RXAL/CAB33AK31F2r4ia9FoRX1bacdcZbayytqmYU43YnCShjRb57bOEWO6RhttmqUSZUtjiGk7psQ0xhBiSGMc2djCtuqajnUdc03XOH3zT8coq5TCA97d7957Ht/H42H9kvO+757vd+8999xzz73fCyp3XUpo3bBMqXt43qQaVJWK8lRp392ijL5eRXgTVuUqqGrRhOy7mKq29y/a3wCEUs1IGHkUeSOg1CASzVMqmK9ULfcjpUr1o8vhfZb0f8+KLFU38tKD0Q0/W7edcjm9KduO6SdlZQC9UheTWhvtv5A10sCTl7U21BB9MAwVof0hOmhHmpBbkHezlTqBtCJR5Bx1O5BWJJbljBni1iW219oeldoxo7XxhpbLkOZu7M/2jSF19afxKdbcM/EjGfgiyslF+Ohs5vazfJK64rDlaWxlBs5cbbOL253O9yVdO5l8kszAV+mFdhRl8N+ORbhM9kYkRgISbyHiJCLP/vrz7LAxHbWRFJE6869lMEplmu8bfL6Yb0fURmyAJ78d6eP4nM838+sbq1I2LZurX/kpMZfJjhq9cP5uFL8tZne59d/17c5Uv1svHi+Z+HOL8NkZ/BKxHlno02gG27IWra8W+DR6nZhNXUNJ875Qsk+AJxdXy6Q/k+Oa1FbyX43NmbIyre+UZM2wPFVae6ozRlu+ykvTVNGuvZIpTcrGGpub51/Glt60tdFpf/PoLTCv9VzkCcltLUijZPGgtSpgf6ut5QvtXHjl233BmPeIrZ1n16HpN+iNKpvUpgMqIO/cVfuJ1p+MaP2Pca23y/q93vUF5B0moRvZizQgrQX4A4kgIxgcQC6Q//uQdiTOgPuRI8ijSD0SRcbp8DTSjexHHkCqkQByAUf3yb7RimxCIsgIQTqIHEXakB1IFTKT5faR15CDSDNSg4SQuNkLkCPi83qJPzMPzdgfx9427KzEWc0ot0xoPVBQbP2RN2H8hg34KD7K3kzwbqO82zD7wpZZJ8xPYZIwG8qU+hrlw+grx107O4V5DeaHKxgHhQbKPehbOkos85gwQzB7MfBp5uw+ymfRd+S6vl4QZhzmvmLGR1tbKU+gH3vS9fWmMOVXtX6Qcd1Ewvwq5ZXXtO79hmvnojCbYA7+V+uvEwvGL3UwQzHXTvY1x7TAdMIMj2l9L+Vd6Lt+VWSZm4U5CBODaWGxbaF8CP27p1xf24Q5AfPih1pfxabNlF9Fr15xff1AmNMwl0uUKsI+s57PoD9w0fnn58KMwXQxV5untf4K5SvXvLk4KUzE+IOzSMFHWtdRLpv05vS8MLUwy2GOswbupnwXTON3XV9JYZphbiU+bqMds+a/DRNb5Zg1k445AHM3Nh9jbF+m/DT6lhudf7YK0w3zLc52v17pzjOvTHqxsUeYUzBrmfO1Ze4c9/akN1/PCTMC00SMNjLvGymPoh/6pWNeFyaM7edZE3+knQ2US6fw5RZn87AwNTB3wtxQ6tb0RpiuatdOQpgmmGex52OYz1N+aMqLsYopx+yH+RsP9SXmDMr5b8rzzxZhumD+zJnmZdq5k/JLU15s7BZmEGY17zv/p7XJfX+Y8tbFYWE+gtm9nPMjcXabOStPebHaI0wI23+ySqnnWYfrKBcnPJvPChOD+RP+O0Y7t5qcBhP+8WrLTAjzAMxfSZrfw983U/4mTGNJhWVWJhzzBMz3icFa1uJNlPeZvqpcO3XCHIV5i3shd3OeOY6+460VltklzADvcpnTh64w95R/l/DWxSFh4jAfM59dxOIayh8kvHXxqjBBbF9KfG0mD5v9uBDbwvvyLXNGmGqY8+SNN8l75kxyB0zslGOuCNMI07tEqb8gFZTvhxn6p9tXyqYd0wbzG9b6SexZTflx9Htbg5a5S5hOmPVLlXov4PLtcfx54IVOu6eZPbkY7qixIcvtPaPwEdmHsn17jo1F2XMrpXw64c7kZk8u8e27cfQFog/79DM+fqlPP5hw9Y2+NG3/buLdG/hgkFyzyqz9Wc9+U+eM2F8h9vckPrv97dPuO8n0u8TXb/e0O/8Yfcin7/fpi3z6gz59cZr95bxrIDaN/StM3GL/WFHI5f8Zyf8wwx9o/W9sX27i1oxxptCNYVbyP8zG98ld2o1vF/reHy1x+V8YY8djrKfLlM3Z7BD3rm2O2SbMCZiHyaPHEs7XPUnPn2ZOKmadP2vFn8npz+7PC4ynUPyQ7/PD+Ix3Fg769KFZT1/g05+bcXFj9IVp/vwO757Fn/dOuRjag/2Nk86fdyTdGNthlpAz1o+7eXou6fnzfmF6YW4nz02Muzl+HX3HWuerx4UxdoySw34/5eJjGH1Lj2vnRWGOcG8jLySuOluZYdZVcO4/Ab/HVpp9yufrw9Tdz/3v4r89s5l9nZPm5/qk57eAzz/NPn2uT9/m0+f59H3018P4X/6P8/9J3se+5Ma3T9p+x8QSjbW+79o8b76Zn3H+Pi5Mp1n/xMn4e67svhXcOdr4JOWzM8Kf4t6OETmXnF2GL/bx4eaQeC/Pfm/kzZ3NSym5ljea9fChyyfG56XX8Xm5+JyMp8Jyvje8Wa/jZlzi29Hk4vFuvi3aJO4r5QsnkPHrIGRzbU6Gb0WvTrqtYVsnnOE/hvin/GcStd/Ki7eX4/tm8tfrdd98aizu+jKecHMXtC1F5vhC5WY7aOcmFYOmx507d9weWx9b72qF5+ZGpfnN/IfUKjEckTkok6+sEPXMHAw8rNQjMkfbhYnMjcwxxp6mVR4T9vkyLN/GZpwXct2YU99Tb/M8fOnsQH3foYHArl/UhendG2vY1gsor05Yxh0WC824+5/K/+26E922/v8BUEsBAjMALQAAAAgAjmwSVSvVVvX//////////wUAFAAAAAAAAAAAAAAAAAAAAGVudHJ5AQAQACgUAAAAAAAAVAgAAAAAAABQSwUGAAAAAAEAAQBHAAAAiwgAAAAA
CargoRocket,UEsDBC0AAAAIAOZwElUmJIam//////////8FABQAZW50cnkBABAAaAwAAAAAAABMBAAAAAAAAKVWz2tUVxQ+7+Ulvthx8kyf02mMdqBpCSUWoRGFDpoBKS6GkoWVFCx11y60UJqFixCz6B8QSxdFggxWXEkpCiIi+JOSFlfFhdQgQ+tCpIsWREI7mdfvnHvemztvbmLBC+f9PPec7/vuuee9mNKxmYo4hhTgimjmFaKv5fk8TdM+mqDdNCn3VSrTIarTOB2kMdxHNIVjJ87Lj0DPBaCZx/nEJyPUeOttOnH6KrIxAiLP8l/pI3oCm+knOgab4jNINPHsYtmjvy8vbp6unn5nEL5PV5MkxLkxRPQqznPwqcJWfaJ7sPOwWdghWAX2GImuw+Zg07AK7BnmLZPRZwY2oZgft5KEdUis4eewHlxLknLOx+V33OHXdvh96/Dz1MfL6RrTKJUFayw6sr6M155//OdQfPPzW+vgzvuNtd24XXgOJy/Wi8ecw8/NL87qx+YXOebaY8URP+8Xi0pxT+x4Ha7pmEx69fD13vY7mrjX0YW3/j/wXkzc65X3u78OvrYjr6mfXg1cuNsO/WLH2rxIv2U84N5UsHpTJN3KrP9R2YMfSHeaymaZOjdjXPx5VCTfhGbvHptoIPdkTPa2XWaMj/FPag+yBztdzdVkQ44DyBZ0RefrBdgs7HPtIXVBxRxDUSnUvjLuwNo7NsHPQDyGQ1NwDmgfHcD8jJ3fkndB1mOlVv5Jkhto/uPoidwj0Q5pFUTuwpZgXA8VTPhT3/Eh9NN1jAQfc2T83wkHRoTMWLuT3KO8ji6c9/d/eU3JS+vBt7D4wtk8f75m/DjnexrT1vd5y7znOR+SwZ6+X0COIzuITvUbPE34LuD+LG6+hwaVPhPv5k+7aNFjLqMwrlKDXmvG97JvkcHEWB6B16yD17VWLy/ASFJeY/r8h7UO7ve1HtI4FxCjT5+HOb6HLQ6M/QpiN6p7JeZ8y9TmSZz9ErTZYuL+Bp/dS/vE55z6sBbF14jeeJ2oX7/9Ba073ld/JSbmr+p/D+cD26DRdoO/QCV4R9ma35UdZ38zitAx0LqI5b9iEbY3p9fTtY3rYErjEvJVRI+CrFFa8yXdepynpnNsvUpGe3k/QoZr+r6B3Hu2Et3eojUN309x/+Uw/gFw/WNgNG5+tkfqo0DDXXXe1L6X8h3N+JaFbyPHN+X8qL0x53r2L1WkndoJmHVRa2+r89teEp020udNzZfxB45lBL0UmbwRFA50fln2AlGqxxfO/bJTv4ld+8WzcZWzfznm0q3PeYc+kdZiJB2rILWY1yqwtKpaWpWyrlmQ+L7u2U78omhk68neO1RXG0eItQ50R6QaeIptWBCEgo1zP+nrdPVQ+7zp41EWwx79ul+WeD9rj085xDl803fwH6v9gXvbBf02188YPIOi2UjGO9L/Oob04GNzHrR0HdbojP3sN0O1Z3/4tZV3F/ab3J0oRdWDuXXylFR7gy+y+uFg19p1cnz1y1CtfcuvrT78aP9/UEsBAjMALQAAAAgA5nASVSYkhqb//////////wUAFAAAAAAAAAAAAAAAAAAAAGVudHJ5AQAQAGgMAAAAAAAATAQAAAAAAABQSwUGAAAAAAEAAQBHAAAAgwQAAAAA
