"TID_INTRO_MESSAGE_TITLE","欢迎来到HADES' STAR"
"TID_INTRO_MESSAGE","为了运营游戏，为您提供个人化的支持，我们会收集设备及其他必要的数据。欲了解详情，请参阅我们的<a name={0}>《隐私政策》</a>。\n\n您必须至少为13岁方可进行游戏。\n\n点击“确认”接受我们的《服务条款》。\n\n<a name={1}>查看《服务条款》</a>"
"TID_INTRO_MSG_ACCEPT","接受"
"TID_DAY_ABBREVIATION","日"
"TID_HOUR_ABBREVIATION","时"
"TID_MINUTE_ABBREVIATION","分"
"TID_SECOND_ABBREVIATION","秒"
"TID_LOADINGSCREEN_LOADING_PLAYER","正在获取账户……"
"TID_LOADINGSCREEN_LOADING_STAR","正在获取恒星系统……"
"TID_LOADINGSCREEN_LOADING_STAR_CLIENT","正在加载恒星系统……"
"TID_SWITCH_TO_CONNECTED_ACCOUNT","您是否希望切换至您已连接的账户？（<color>{0}</color>，等级<color>{1}</color>）。当前游戏进度将会丢失。"
"TID_CORP_LEADER_DESCR","首席干事"
"TID_CORP_COLEADER_DESCR","干事"
"TID_CORP_ELDER_DESCR","高级成员"
"TID_CORP_MEMBER_DESCR","成员"
"TID_YOUR_EMPIRE","您的帝国"
"TID_OK","确认"
"TID_RETRY","重试"
"TID_RECONNECT","重新连接"
"TID_CANCEL","取消"
"TID_CONNECTION_ERROR","连接错误"
"TID_CONNECTION_ERROR_REASON_NO_INTERNET","无法连接到服务器。请检查您的网络连接并重试。"
"TID_CONNECTION_ERROR_UNKNOWN_ACCOUNT","无法读取您的账户。请联系游戏客服。"
"TID_CONNECTION_ERROR_OLD_VERSION","游戏有新版本可用！立刻下载以享受最新的功能。"
"TID_IOS_UPDATE_HINT","重要提示：如果您在应用商店内看不到新版本，请移步更新选项卡，然后向下滑动几次，手动刷新更新列表。"
"TID_CONNECTION_ERROR_NEW_VERSION","版本不正确"
"TID_CONNECTION_ERROR_OLD_VERSION_DOWNLOAD_LINK","下载最新版本"
"TID_CONNECTION_ERROR_OLD_VERSION_STEAM","Steam应很快将《Hades' Star》自动更新至最新版本。如果您总是收到此信息，请检查游戏更新设置，并重新启动Steam。"
"TID_CONNECTION_ERROR_SERVER_ERROR","内部服务器错误。请稍候再试一次。"
"TID_CONNECTION_ERROR_ACCOUNT_BANNED","您的账户已被禁用。"
"TID_CONNECTION_ERROR_LOGGED_IN_ELSEWHERE","您已在另一台设备上登入。"
"TID_CONNECTION_ERROR_SERVER_HEAVY_LOAD","服务器现负荷过重。请稍候再试一次。"
"TID_CONNECTION_ERROR_STEAM_NOT_RUNNING","无法通过Steam完成验证。请从Steam中启动游戏，并确保您的网络连接正常。"
"TID_CONNECTION_ERROR_OUT_OF_SYNC","致命不同步错误。需要重启游戏。"
"TID_CONNECTION_ERROR_MAINTENANCE","服务器正在维护。请在几分钟之后再次尝试。"
"TID_CONNECTION_LOST_INACTIVITY","您已因不活动而断开与服务器的链接。"
"TID_MSG_SERVER_SHUTTING_DOWN_MAINTENANCE","服务器将在几分钟后关闭进行维护。"
"TID_LABEL_SERVER_MAINTENANCE","服务器维护将在\n{0}后开始"
"TID_MAINTENANCE_TITLE","维护"
"TID_MAINTENANCE_INFO","我们定期对服务器进行维护以改善游戏。\n\n<a name=''http://blog.hadesstar.com/2017/08/about-maintenance.html''>更多信息</a>"
"TID_ASTEROID_FIELD","小行星带"
"TID_COLONIZATION_STARTING","开始向{0}殖民"
"TID_DISBAND_FLEET_CONFIRM","您确定要永久性摧毁这艘船吗？这将增加您的船舰上限。"
"TID_STATUS_UPGRADING","升级中……"
"TID_STATUS_COLONIZING","殖民中……"
"TID_DISTANCE","{0}天文单位"
"TID_CONFIRM_DLG_TITLE","确认"
"TID_MSG_SOLAR_SYSTEM_LOAD_FAIL","恒星系统加载失败"
"TID_MSG_QUIT_GAME","您确定要退出游戏吗？"
"TID_CMD_FAILED_TUTORIAL","该操作在此教学阶段不可用"
"TID_MSG_CANNOT_JUMP_SHIP","星际跳跃失败"
"TID_SHARE_MESSAGE_LABEL","消息"
"TID_SHARE_BUTTON_SUBMIT","提交"
"TID_SHARE_BUTTON_CANCEL","取消"
"TID_SHARE_VIEW_DEFAULT_MSG","先睹为快！"
"TID_SHARE_VIEW_DESCR","在该恒星系统中选择一个视图并与您的星际集团分享"
"TID_BACK_BUTTON","后退"
"TID_FINISH_REPAIR_CONFIRM","立刻完成此舰维修？"
"TID_PLAYER_JOIN_RED_STAR","{0}已加入该红巨星"
"TID_MAINTENANCE_MESSAGE","我们很抱歉最近服务器出现中断。作为补偿，我们已向您的账户添加了{0}水晶。感谢您的耐心！\n\n- Hades' Star团队"
"TID_FEATURE_DISABLED","此功能暂时禁用"
"TID_PERSONAL_DATA_PREF","管理个人数据"
"TID_KEYBOARD_SHORTCUT","热键： <b>{0}</b>"
"TID_BUILD_FAILED_MUST_EXPAND","您必须先进一步在自己的恒星系统中扩张，才能建造此太空站"
"TID_CMD_FAILED_GENERIC","命令失败"
"TID_CMD_FAILED_PLAYER","玩家命令失败"
"TID_CMD_FAILED_SS","恒星系统命令失败"
"TID_CMD_FAILED_RESOURCE_LIMIT","储存空间不足。升级您的星球以增加储存空间。"
"TID_JUMP_CMD_ERROR_NO_PLAYER_INFO_AVAILABLE","服务器繁忙。请稍候再试一次。"
"TID_JUMP_CMD_ERROR_BATTLESHIP_LIMIT_REACHED","您要进行星际跳跃的战斗舰超出该红巨星支持的数量"
"TID_JUMP_CMD_ERROR_CANT_USE_OTHER_PLAYERS_GATE","不能使用该星际跳跃门"
"TID_CMD_LOAD_SHIPMENT_FAIL_CAPACITY","容量不足，无法装载此货物"
"TID_NOT_ENOUGH_CRYSTALS","水晶不足"
"TID_CMD_CANT_SEND_SHIP_OUTSIDE_FOW","不能将船舰派至您的能见范围外"
"TID_CMD_ROUTE_EMPTY_SECTOR","不能穿过未探索空间"
"TID_CANNOT_MOVE_ACROSS_SECTORS_HERE","不能在该恒星系统中移动过远"
"TID_CMD_CANT_UPGRADE_PLANET","该星球无法再升级了"
"TIC_CMD_ALREADY_UPGRADING_PLANET","星球已在升级中"
"TID_CMD_BUILDING_LIMIT_REACHED","您无法建造更多此类空间站"
"TID_SCANNER_REQUIRED","您需要在相邻星区有一座空闲的短距扫描仪"
"TID_SCANNER_ALREADY_BUSY","您的短距扫描仪已在扫描另一个星区"
"TID_MODULE_ON_COOLDOWN","您需要等待模组冷却才能再次使用"
"TID_MODULE_ALREADY_ACTIVATED","该模组已激活"
"TID_PASSIVE_MODULE_CANNOT_BE_ACTIVATED","被动模组不可被激活"
"TID_CANNOT_LINK_WARP_LANE_UNTIL_CONSTRUCTION_IS_DONE","您必须等待枢纽建设完成"
"TID_CANNOT_LINK_WARP_LANE_ALREADY_ACTIVE","要新建链接，两个枢纽须均处于未激活状态"
"TID_CANNOT_LINK_WARP_LANE_NEED_TWO_ENDPOINTS","您必须先建造至少两个枢纽才能加以链接"
"TID_CANNOT_DROP_ARTIFACT_ON_OTHER_PLAYER","无法将神器放置在其他玩家哨站"
"TID_CANNOT_EDIT_MODULES_ON_STAR","您无法在母星外变更船舰模组"
"TID_CMD_LOAD_SHIPMENT_FAIL_RESTRICTED","只有星球拥有者才能使用此货物"
"TID_CMD_LEAP_NO_TARGET","找不到有效传送位置"
"TID_CMD_FAIL_CANNOT_UNLOAD_SHIPMENT","该哨站无法储存更多货物"
"TID_CMD_FAIL_CANNOT_MOVE_TO_STAR","您不能直接驶向恒星"
"TID_CMD_FAIL_CANTMOVE_BOND","被捆绑效果作用期间无法移动"
"TID_ASTEROID_SPAWN_LIMIT","该星区无法支持更多小行星带"
"TID_ENTRUST_NO_CARGO","不能使用该模组。此船舰并未装载任何货物。"
"TID_ENTRUST_NO_CAPACITY_ON_TARGET","目标船舰容量不足，无法接收任何货物"
"TID_ENTRUST_SHIPMENT_LOADING","装载货物时无法使用委任模组"
"TID_GENESIS_INVALID_SECTOR","无法在恒星星区使用创世纪模组"
"TID_CANT_USE_MODULE_JUMPGATE_SECTOR","无法在白星跳跃门星区使用该模组"
"TID_CAN_USE_MODULE_ON_STAR","无法在该种类恒星上使用该模组"
"TID_CANT_USE_MODULE_ON_THIS_RS_LEVEL","您只能在等级至少为{0}的公共红巨星上使用该模组"
"TID_MODULE_NEEDS_ENEMY_SHIPS_IN_SECTOR","该模组只能在星区中出现敌舰时激活"
"TID_MODULE_NEEDS_ENEMY_SHIPS_IN_RANGE","该模组只能在射程内出现敌舰时激活"
"TID_MODULE_CANNOT_FIND_TELEPORT_TARGET","未找到有效传送目标，无法激活模组"
"TID_MODULE_CANT_ACTIVATE_SHIELD_WITH_VENG","报仇雪恨激活时无法启用护盾"
"TID_MODULE_CANT_ACTIVATE_NEED_HYDRO_ONBOARD","您的采矿舰上收集的氢气不足，无法激活该模组。"
"TID_SYSTEM_IS_PRIVATE","这是私人恒星系统，暂时无法访问"
"TID_FLAGHIP_NON_OFFICER","只有干事能对星际集团旗舰下达指令。"
"TID_FLAGSHIP_IN_ANOTHER_STAR","旗舰当前处于另一颗白星中。"
"TID_FLAGSHIP_IN_CURRENT_STAR","旗舰已处于该恒星处。"
"TID_FLAGSHIP_IN_COOLDOWN","旗舰当前正在冷却。"
"TID_TUT_SECTION_REWARDS_LABEL","奖励"
"TID_TUT_CONSTRUCT_SHIPYARD","建造船坞"
"TID_TUT_CONSTRUCT_SHIPYARD_INFO","船坞允许您建造新船舰。"
"TID_TUT_SELECT_SHIPYARD","• 选择您的船坞"
"TID_TUT_SELECT_PLANET","• 选择您的星球"
"TID_TUT_FIRST_SHIP_INTRO_LABEL","您的帝国发现了一个新的恒星系统"
"TID_TUT_COLONIZE_FIRST_PLANET","建立您第一个殖民地"
"TID_TUT_COLONIZE_FIRST_PLANET_DESCR","您的帝国会随着殖民更多星球而壮大。\n\n星球可通过货运产生收入，允许您建造各类太空站。"
"TID_TUT_CONSTRUCT_SHIP","建造一艘采矿舰"
"TID_TUT_CONSTRUCT_TRANSPORT_DESCR","运输舰对发展您的经济十分重要。最好在每个殖民星球周围保持有至少一艘运输舰。 "
"TID_TUT_CONSTRUCT_SUPPORT_DESCR","采矿舰对建造您星球周围的基础设施十分重要。"
"TID_TUT_CONSTRUCT_SPACE_STATION","建造一个{0}"
"TID_TUT_CONSTRUCT_TRADING_STATION_DESCR","太空交易站为您提供额外货物，将这些货物运送至您的星球可获得收益。"
"TID_TUT_UPGRADE_PLANET","升级您的星球"
"TID_TUT_UPGRADE_PLANET_DESCR","升级您的星球可改善货物质量，增加最大资源储量"
"TID_TUT_KEEP_DOING_STUFF","不断运送货物"
"TID_TUT_KEEP_DOING_STUFF_DESCR","使用您的运输舰在星球和卫星之间运送货物。\n\n运送货物能为您赚取资源和经验。"
"TID_TUT_COLONIZE_SECOND_PLANET","殖民第二个星球"
"TID_TUT_COLONIZE_SECOND_PLANET_DESCR","拓展新星球对您的帝国发展十分重要。\n\n在能对星球进行殖民之前，您必须至少将一艘船舰移动至星球表面。您殖民的星球越多，下一次殖民的成本就越高。"
"TID_TUT_COLONIZE_THIRD_PLANET","殖民新的星球"
"TID_TUT_COLONIZE_THIRD_PLANET_DESCR","已殖民的星球可用来维修您的船舰。殖民您受损战斗舰附近的星球开始维修。"
"TID_TUT_TAP_ON_BUILDING_BUTTON","• 点击{0}按钮"
"TID_TUT_PLACE_BUILDING_PROMPT","• 选择您{0}的位置"
"TID_TUT_SELECT_PRODUCTION","• 选择建造"
"TID_TUT_SELECT_MINER_SHIP","• 选择您的采矿舰"
"TID_TUT_SELECT_SHIPMENTS","• 选择货物"
"TID_TUT_SELECT_LOAD_SHIPMENT","• 点击货物进行装载"
"TID_TUT_CLOSE_SHIPMENTS","• 关闭货物窗口"
"TID_TUT_CLOSE_PRODUCTION","• 关闭生产窗口"
"TID_TUT_CLOSE_MISSION_WINDOW","• 关闭窗口"
"TID_TUT_SELECT_MOVE","• 选择移动"
"TID_TUT_PC_RIGHT_CLICK_ON_DEST","• 使用移动按钮或右键单击发光的货物目的地"
"TID_TUT_SELECT_PROFILE","• 打开您的帝国窗口"
"TID_TUT_SELECT_OBJECTIVES_TAB","• 选择目标"
"TID_TUT_SELECT_DESTINATION","• 选择闪烁的货物目的地"
"TID_TUT_SELECT_DEPART_NOW","• 选择启航"
"TID_TUT_SELECT_DEPART_NOW_PC","• 单击“启航”或右键单击目的地"
"TID_TUT_SELECT_CANCEL_DEPART","• 选择取消"
"TID_TUT_MOVE_TO_PLANET_FOR_SHIPMENTS","• 使用移动命令或将您的船拖拽至星球，以装载更多的货物"
"TID_TUT_MOVE_TO_PLANET_FOR_SHIPMENTS_PC","• 单击移动按钮或右键单击该星球以拾取更多货物"
"TID_TUT_MOVE_TO_MOON_FOR_SHIPMENTS","• 使用移动命令或将您的船拖拽至卫星，以装载更多的货物"
"TID_TUT_MOVE_TO_MOON_FOR_SHIPMENTS_PC","• 单击移动按钮或右键单击卫星以拾取更多货物"
"TID_TUT_SELECT_BUILD_BUTTON","• 选择{0}"
"TID_TUT_WAIT_OR_SPEED_UP_PRODUCTION","• 立刻完成生产"
"TID_TUT_SELECT_SECOND_PLANET","• 选择第二个星球"
"TID_TUT_MOVE_BATTLESHIP_TO_THIRD_PLANET","• 使用移动命令或将您的船拖拽至新的星球"
"TID_TUT_MOVE_BATTLESHIP_TO_THIRD_PLANET_PC","• 单击移动按钮或右键单击新的星球"
"TID_TUT_SELECT_TRANSPORT_SHIP","• 选择您的运输舰"
"TID_TUT_SELECT_NEW_BUILDING","• 选择太空站"
"TIT_TUT_SELECT_MODULES","• 选择模组"
"TID_TUT_CLOSE_MODULES_DLG","• 关闭模组窗口"
"TID_TUT_CLOSE_WINDOW_GENERIC","• 关闭窗口"
"TID_TUT_SELECT_TRANSPORT_MODULE","• 选择货舱拓展"
"TID_TUT_SELECT_EMPTY_MODULE_SLOT","• 选择空栏位"
"TID_TUT_SELECT_INSTALL_NEW_MODULE","• 选择安装新模组"
"TID_TUT_SELECT_COLONIZE","• 选择殖民"
"TID_TUT_CLAIM_ACHIEVEMENT","获得货物成就"
"TID_TUT_MINING_TITLE","开始采矿"
"TID_TUT_MINING_DESCR","小行星带含有珍贵的氢气资源。您应当保证自己的帝国至少有几艘采矿舰总在忙着采矿。"
"TID_TUT_MOVE_TO_ASTEROID","• 选择一个小行星带"
"TID_TUT_MINER_INFO","采矿舰从小行星带采集氢气。它们会持续从同一个小行星带采集，直到资源耗尽。"
"TID_TUT_CREATE_SECOND_TRANSPORT","建造第二艘运输舰"
"TID_TUT_CREATE_SECOND_TRANSPORT_INFO","运输舰对发展您的经济十分重要。最好在每个殖民星球周围保持有至少一艘运输舰。 "
"TID_TUT_SHORT_RANGE_SCANNER_INFO","短距扫描仪太空站允许您探索附近星区，让您能在这个恒星系统中看得和行驶得更远。"
"TID_TUT_REVEAL_SECTOR","探索新的星区"
"TID_TUT_REVEAL_SECTOR_INFO","建造一架短距扫描仪，使用它找到并殖民第三颗星球。"
"TID_TUT_SELECT_NEARBY_SECTOR","• 选择附近的一个星区"
"TID_TUT_SELECT_SCOUT_SECTOR","• 选择您已扫描的星区"
"TID_SELECT_EXPLORE","• 选择揭示"
"TID_SELECT_EXPLORATION_SPEEDUP","• 立刻完成扫描"
"TID_TUT_DEFEAT_CERBERUS","击败冥犬哨兵舰"
"TID_TUT_DEFEAT_CERBERUS_INFO","Hades宇宙遍布神秘的冥犬船舰。使用战斗舰击败它们。"
"TID_TUT_CREATE_BATTLESHIP","建造一艘战斗舰"
"TID_TUT_CREATE_BATTLESHIP_INFO","战斗舰对保护您其他船舰的安全、击退冥犬舰队十分重要。"
"TID_TUT_SELECT_BATTLESHIP","• 选择您的战斗舰"
"TID_TUT_MOVE_BATTLESHIP_TO_ENEMY_FLEET","• 使用移动命令或将您的战斗舰拖拽至冥犬哨兵舰附近"
"TID_TUT_MOVE_BATTLESHIP_TO_ENEMY_FLEET_PC","• 单击移动按钮或右键单击将您的战斗舰移动到冥犬哨兵舰附近"
"TID_TUT_REDSTARSCANNER_INFO","红巨星扫描仪让您能找到并行驶至新的恒星系统"
"TID_TUT_JUMP_TRANSPORT","令您的运输舰跳跃至红巨星"
"TID_TUT_JUMP_TRANSPORT_INFO","您可以使用星际跳跃门在恒星系统之间移动。"
"TID_TUT_SEARCH_FOR_MISSION","扫描红巨星"
"TID_TUT_SEARCH_FOR_MISSION_INFO","使用您的红巨星扫描仪发现一个新的恒星系统。"
"TID_TUT_SELECT_MISSION_BUILDING","• 选择您的红巨星扫描仪"
"TID_TUT_SELECT_SCANNER_BUTTON","• 选择扫描"
"TID_TUT_SELECT_MISSION_SEARCH","选择开始扫描"
"TID_TUT_CONFIRM_JUMP","• 确认星际跳跃"
"TID_TUT_SELECT_JUMP","• 选择跳跃"
"TID_TUT_MOVE_TO_STARGATE","• 使用移动命令或将您的船拖拽至红巨星扫描仪"
"TID_TUT_MOVE_TO_STARGATE_PC","• 单击移动按钮或右键单击将您的船舰移动到红巨星扫描仪"
"TID_TUT_BRING_ARTIFACT","从红巨星取回神器"
"TID_TUT_BRING_ARTIFACT_INFO","红巨星周围的星球上有许多神器。带回一件神器开始进行研究。"
"TID_TUT_VIEW_MISSION_STAR","• 选择前往恒星"
"TID_TUT_MOVE_BACK_TO_STARGATE","• 将您的船舰移回星际跳跃门"
"TID_TUT_MOVE_TO_PLANET","• 将您的运输舰移至该星球"
"TID_TUT_SELECT_LOAD_ARTIFACT","• 点击神器开始装载"
"TID_TUT_RESEARCH_STATION_INFO","太空研究站允许您研究神器。立刻在您的恒星系统中建造一个。"
"TID_TUT_MOVE_SHIP_TO_RESEARCH_STATION","• 将您的运输舰移至太空研究站"
"TID_TUT_SELECT_RESEARCH_STATION","• 选择您的太空研究站"
"TID_TUT_SELECT_RESEARCH_BUTTON","选择研究"
"TID_TAP_ON_ARTIFACT_TO_RESEARCH","• 选择神器"
"TID_TAP_ON_START_RESEARCH","• 选择开始研究"
"TID_TUT_SPEED_UP_ARTIFACT_RESEARCH","• 选择立刻完成"
"TID_COLLECT_ARTIFACT_REWARD","• 选择查看成果"
"TID_TUT_SELECT_UPGRADE","• 选择升级"
"TID_TUT_DO_UPGRADE","• 确认升级"
"TID_TUT_WAIT_OR_SPEEDUP_PLANET_UPGRADE","• 立刻完成升级"
"TID_TUT_HINT_MOVEMENT","船舰一旦启航，您就不能再改变航线，必须等待船舰到达目的地。"
"TID_TUT_HINT_RS_SUPERNOVA","红巨星在被发现之后很快会发生超新星爆炸。在爆炸发生之前请确保您的所有船舰已返回至星际跳跃门。"
"TID_TUT_HINT_MINING","您的采矿舰会持续采矿，直到其所处星区所有的小行星带资源耗尽，或您的氢气储量已满。"
"TID_TUT_HINT_SHORT_RANGE_SCANNER","建造完成后，短距扫描仪能允许您开始探索该恒星系统内新的星区。"
"TID_TUT_RED_STAR_SCANNER","一旦红巨星扫描仪侦测到新的恒星，就会变成一扇星际跳跃门，允许泊靠的船舰跳跃至新的星系。"
"TID_TUT_WAIT_OR_SPEED_CONSTRUCTION","• 立刻完成建造"
"TID_TUT_HINT_COMBAT","点选战斗舰可看到其攻击范围。战斗舰会自动攻击其攻击范围内的敌舰。"
"TID_TUT_HINT_HYDRO","移动船舰需要消耗氢气。请注意总体氢气供应，确保您一直有采矿舰在小行星带中收集新的氢气资源。"
"TID_TUT_HINT_KEEPSHIPPING","在战斗舰航行时，您可以持续运输货物以赚取收入。"
"TID_TUT_HINT_REPAIR","任何受损的船舰在泊靠于殖民星球、卫星或太空站时会渐渐修复。"
"TID_TUT_PLANETS_WITH_ARTIFACTS","红巨星周围的星球上有可供研究的神器。与普通货物不同，神器需要一定时间才能装载至您的运输舰上。"
"TID_TUT_HINT_RESEARCH_STATION","太空研究站能储存、研究或分解任何您找到的神器。"
"TID_TUT_RETURN_HOME","• 返回您的母星"
"TID_TUT_ASK_FOR_NOTIFICATIONS_TITLE","通知"
"TID_TUT_ASK_FOR_NOTIFICATIONS_APPLE","Hades' Star可向您的设备发送重要事件通知，例如当您的采矿舰需要新命令的时候。\n\n如果您决定禁用此类通知，可以在将来于设备设置中再启用。"
"TID_TUT_SHIPYARD_HINT","船坞允许您建造额外的船舰。升级船坞可增加您的总船舰上限。"
"TID_TUT_UPGRADE_SHIPYARD","升级您的船坞"
"TID_TUT_UPGRADE_SHIPYARD_DESCR","将您的船坞升至第{0}级，建造更多船舰。"
"TID_TUT_VIEW_OBJECTIVES","查看目标"
"TID_TUT_VIEW_OBJECTIVES_DESCR","目标窗口为您在Hades宇宙的旅程提供额外的指引和向导。"
"TID_TUT_INSTALL_MODULE","安装一个模组"
"TID_TUT_INSTALL_MODULE_DESCR","船舰可通过安装模组进行升级。模组分可主动和被动两种，为每艘船提供独特的优势。"
"TID_TUT_OPEN_TECH_WINDOW","• 打开科技窗口"
"TID_TUT_UNSELECT_CURRENT_OBJECT","• 关闭选项卡"
"TID_TUT_SELECT_TRANSPORT_CAPACITY_MODULE","• 选择您新研发的模组"
"TID_TUT_SELECT_BACK","• 返回"
"TID_TUT_FINISH_MODULE_UPGRADE","• 立刻完成升级"
"TID_TUT_START_MODULE_UPGRADE","• 开始模组解锁程序"
"TID_TUT_SELECT_EDIT_MODULES","• 选择安装模组"
"TID_TUT_CLAIM_OBJECTIVE","• 获取目标完成奖励"
"TID_BUILDING_SHIPYARD","船坞"
"TID_BUILDING_SHIPYARD_DESCR","允许建造船舰。升级船坞可增加您帝国的总船舰上限。"
"TID_BUILDING_REDSTAR_SCANNER","红巨星扫描仪"
"TID_BUILDING_REDSTAR_SCANNER_DESCR","可侦测附近的红巨星。"
"TID_BUILDING_REDSTAR_SCANNER_INFO","红巨星扫描仪可侦测到附近即将发生超新星爆炸的恒星。这些恒星周围常有蕴藏珍贵神器的古老星球，但也有冥犬舰队的看守。\n\n其他玩家也可使用红巨星扫描仪访问同一个恒星。"
"TID_BUILDING_TRADINGSTATION","太空贸易站"
"TID_BUILDING_TRADINGSTATION_DESCR","创建、接收并向您的星球发送货物。必须置于空的星区之中。"
"TID_BUILDING_DIPLOMACY_CENTER","太空外交站"
"TID_BUILDING_DIPLOMACY_CENTER_DESCR","允许与其他玩家建立外交关系。建立了外交关系的玩家可向对方星系派遣船舰。"
"TID_BUILDING_DIPLOMACY_CENTER_INFO","太空外交站可在两位玩家的母星系之间建造双向星际跳跃门。外交站一旦链接，两位玩家都可向对方派遣船舰。"
"TID_BUILDING_WARPLANE_HUB","太空曲道枢纽"
"TID_BUILDING_WARPLANE_HUB_DESCR","两个枢纽相链接后，能在您的系统中创造一个暂时的太空曲道。运转中的太空曲道可让船舰瞬间航行，无需耗费氢气。"
"TID_BUILDING_WARPLANE_HUB_INFO","您可花费一定的氢气，将这个太空曲道枢纽链接至另一个枢纽，持续一天。一旦链接，船舰就可在两个端点之间瞬间航行，无需耗费氢气。"
"TID_BUILDING_STARGATE","星际跳跃门"
"TID_BUILDING_STARGATE_DESCR","这些神秘的建筑物散落在整个Hades宇宙中，可允许船舰在不同恒星系统之间跳跃。"
"TID_BUILDING_RESEARCH","太空研究站"
"TID_BUILDING_RESEARCH_DESCR","分析在红巨星上找到的神器。"
"TID_BUILDING_RESEARCH_INFO","太空研究站能够储存并研究神器。将您的运输舰派至研究站可自动存入新神器。"
"TID_BUILDING_SHORT_RANGE_SCANNER","短距扫描仪"
"TID_BUILDING_SHORT_RANGE_SCANNER_DESCR","可揭示与所在星区相邻的隐藏星区。"
"TID_BUILDING_SHORT_RANGE_SCANNER_INFO","扫描仪允许您揭示自己恒星系统临近的星区。"
"TID_BLD_REDSTAR_UPGRADE","升级红巨星扫描仪可让您找到更高等级的红巨星，其中有更好的神器，但守卫的冥犬舰队也更强大。"
"TID_BLD_SHIPYARD_UPGRADE","升级船坞允许您操作数量更多的船舰。"
"TID_BLD_RESEARCH_STATION_UPGRADE","升级太空研究站允许您研究更高等级的神器。"
"TID_BLD_WHITESTAR_SCANNER","白星扫描仪"
"TID_BLD_WHITESTAR_SCANNER_DESCR","允许您找到白星并向其派遣船舰。您必须加入一个星际集团才能访问白星。"
"TID_BLD_TIME_MODULATOR","时间调制器"
"TID_BLD_TIME_MODULATOR_DESCR","允许加速整个黄星系统的时间流逝。"
"TID_BLD_TIME_MODULATOR_INFO","高级太空站，能汲取黄星能量，操控时间。使用时间调制器加速您黄星系统中的时间流逝速度。升级此太空站可进一步加速时间流逝。"
"TID_BUILDING_BLUESTAR_SCANNER","蓝星扫描仪"
"TID_BUILDING_BLUESTAR_SCANNER_DESCR","可侦测附近的蓝星。"
"TID_BUILDING_BLUESTAR_SCANNER_INFO","扫描仪会向侦测到的蓝星派遣一架战斗舰。蓝星寿命很短，会一直不断地向恒星内坍缩，且参与蓝星的所有玩家战斗舰都会相互开火，星系内的冥犬势力也会发动攻击，毫无安全可言。玩家的战斗舰若能存活到最后，即取得任务胜利。"
"TID_BLUE_STAR_ANOMALY","异象"
"TID_BLUE_STAR_ANOMALY_DESCR","这是一处出了故障的传送门，似乎通往遥远的恒星。要令战斗舰穿过传送门，请在异象上建造一个蓝星扫描仪。"
"TID_HUD_MUST_PLACE_ON_ANOMALY","此扫描仪必须建在异象之上"
"TID_HUD_CONFIRM_ANOMALY_UPGRADE","要开始在异象上建造蓝星扫描仪吗？"
"TID_BLD_RELAY","货运中继"
"TID_BLD_RELAY_DESCR","允许使用蓝星中找到的碎片自动交付部分货物。"
"TID_BLD_RELAY_INFO","在有限时间内启用自动货运，以星区为单位计算。\n\n货运中继控制的星区内，无论货物目的地在哪里，星币货物都会自动交付。要增加货物和受控星区数量，请升级货运中继。\n\n货运中继需要恒星碎片才能运行。参加蓝星任务可获取恒星碎片。"
"TID_SHIP_TRANSPORT","运输舰"
"TID_SHIP_TRANSPORT_DESCR","在星球和太空贸易站之间搭载并运送货物"
"TID_SHIP_TRANSPORT_INFO","运输舰对贸易来说非常重要。使用运输舰在星球和卫星之间运送货物，从红巨星上运送神器。"
"TID_SHIP_MINER","采矿舰"
"TID_SHIP_MINER_DESCR","一种能从小行星带采集氢气的缓慢脆弱的船舰"
"TID_SHIP_MINER_INFO","采矿舰能从小行星带采集氢气"
"TID_SHIP_BATTLESHIP","战斗舰"
"TID_SHIP_BATTLESHIP_DESCR","一种能装备额外武器模组的战斗舰"
"TID_SHIP_CERB_FIGHTER","冥犬哨兵舰"
"TID_SHIP_CERB_FIGHTER_DESCR","哨兵舰船体脆弱，但装备有非常强大的火炮。哨兵舰单独出现时威胁很小，但大量聚集或有更强冥犬船舰做掩护时有致命的杀伤力。\n\n哨兵舰总是待在自己指定的星区中。"
"TID_SHIP_CERB_COLOSSUS","冥犬巨型舰"
"TID_SHIP_CERB_COLOSSUS_DESCR","一种庞大的冥犬船舰，需要强大的火力和指挥才能拿下。\n\n冥犬巨型舰总是待在自己指定的星区中。"
"TID_SHIP_CERB_SECTOR_GUARDIAN","冥犬护卫舰"
"TID_SHIP_CERB_SECTOR_GUARDIAN_DESCR","一种重型冥犬船舰，经常用来掩护哨兵舰。\n\n冥犬护卫舰总是待在自己指定的星区中。"
"TID_SHIP_CERB_INTERCEPTOR","冥犬截击舰"
"TID_SHIP_CERB_INTERCEPTOR_DESCR","一种速度快、火力强的冥犬船舰，可以同时向4艘敌舰开火。\n\n当有敌舰进入其驻守星区或火力射程范围内时，冥犬截击舰将被激活。一旦激活，冥犬截击舰将穿越所有星区猎杀敌舰，对于非战斗舰来说非常危险。"
"TID_SHIP_CERB_DESTROYER","冥犬歼灭舰"
"TID_SHIP_CERB_DESTROYER_DESCR","这些神秘的冥犬船舰能够跳跃进红巨星中，用强大的激光束摧毁整个星球。如果歼灭舰被击败或星球被摧毁，所有附近玩家船舰都会遭到区域性伤害。"
"TID_SHIP_CERB_PHOENIX","冥犬涅槃舰"
"TID_SHIP_CERB_PHOENIX_DESCR","冥犬涅槃舰用自己的区域护盾保护周围的冥犬船舰。被摧毁时，涅槃舰会生出少量哨兵舰。\n\n冥犬涅槃舰总是待在自己指定的星区中。"
"TID_SHIP_ALPHA_DRONE","阿尔法无人舰"
"TID_SHIP_ALPHA_DRONE_DESCR","一种自动化的、速度快但脆弱的战斗舰。无人舰航行至指定目的地后便固守那里，直到被摧毁或激活时间耗尽。"
"TID_SHIP_SHIPMENT_DRONE","运输无人舰"
"TID_SHIP_SHIPMENT_DRONE_DESCR","一种自动化的，速度快的无人舰，会自动在可能的时候运送货物。无人舰只有在连接至一个活动太空曲道时才能跨星区航行。"
"TID_SHIP_MINING_DRONE","采矿无人机"
"TID_SHIP_MINING_DRONE_DESCR","一种自动的采矿舰，仅针对单个小行星。采矿完成后，无人机会将氢气运送至最近的星球，然后自我毁灭。"
"TID_SHIP_CERBERUS_BOMBER","冥犬轰炸舰"
"TID_SHIP_CERBERUS_BOMBER_DESCR","一种强大的飞船，会瞄准其星区或任何邻近星区中的每位参与玩家，定期发射一枚火箭。\n\n该飞船会一直待在其指定的星区中，但也可以向相邻星区中逼近的飞船发射火箭。"
"TID_SHIP_STORM","冥犬风暴舰"
"TID_SHIP_STORM_DESCR","这种船舰在自己的星区中沿环形路线行进。船上装备有强力远程武器，会定时发射快速达特导弹，攻击射程内所有的敌舰。"
"TID_SHIP_CERB_GHOSTS","冥犬幽魂舰"
"TID_SHIP_CERB_GHOSTS_DESCR","冥犬幽魂舰是一组速度很快的船舰。它们的星际跳跃难以预测，会集体向恒星系统中任意处的最近目标移动。\n\n幽魂舰对所有非伤害型模组免疫；对于如密集弹幕和回收利用等具体模组，幽魂舰不算作是船舰。"
"TID_CORP_FLAGSHIP","星际集团旗舰"
"TID_CORP_FLAGSHIP_DESCR","这艘飞船属于星际集团，可由集团干事控制。\n\n旗舰可以选择协助其隶属的星际集团，进行当前的一个白星任务。"
"TID_SHIP_CERB_HYDRA","冥犬九头蛇"
"TID_SHIP_CERB_HYDRA_DESCR","一种大型的强力飞船，装备有火力强大的密集弹幕，当其星区中出现多个玩家飞船时，可造成巨量伤害。当其船体强度点数耗尽时，会分裂成两艘体型更小、火力更弱的九头蛇。小型九头蛇被摧毁时，会转变成两艘微型九头蛇。"
"TID_SHIP_CERB_HYDRA_1","冥犬九头蛇"
"TID_SHIP_CERB_HYDRA_1_DESCR","弱型版本的冥犬九头蛇。被击毁时会分裂成两艘超弱型九头蛇。"
"TID_SHIP_CERB_HYDRA_2","冥犬九头蛇"
"TID_SHIP_CERB_HYDRA_2_DESCR","超弱型冥犬九头蛇。被击毁后将会消失。"
"TID_GHOST_SPAWNER","幽魂星际跳跃门"
"TID_GHOST_SPAWNER_DESCR","冥犬幽魂舰可使用这处神秘的跳跃门，跳至新的恒星系统。幽魂星际跳跃门不可成为目标，也不能被用作移动目标。"
"TID_MODULE_TRADER","贸易增效"
"TID_MODULE_TRADER_DESCR","激活时增加货运奖励。"
"TID_MODULE_TRANSPORT_CAPACITY","货舱拓展"
"TID_MODULE_TRANSPORT_CAPACITY_DESCR","增加运输舰的总储存空间，允许一次搭载更多货物或神器。"
"TID_MODULE_MINING_BOOST","采矿增速"
"TID_MODULE_MINING_BOOST_DESCR","暂时提高氢气采集速度。"
"TID_MODULE_EMP","电磁脉冲"
"TID_MODULE_EMP_DESCR","短时间里，使效果范围内所有的船舰、火箭和冥犬太空站瘫痪，包括触发电磁脉冲的船舰。瘫痪了的船舰无法移动或开火，但仍然能激活模组。"
"TID_MODULE_SHIPMENT_COMPUTER","货运计算机"
"TID_MODULE_SHIPMENT_COMPUTER_DESCR","如果有货运目的地处于后续路径点上，飞船将自动搭载此类中间路径点的货物。自动搭载的货物会获得额外奖励。\n\n解锁该模组后，点击任何存有货物的物体将可看到数字标识，显示货物运送目的地。"
"TID_MODULE_REPAIR","远程维修"
"TID_MODULE_WEAK_SHIELD","阿尔法护盾"
"TID_MODULE_SHIELD","德尔塔护盾"
"TID_MODULE_STRONG_SHIELD","奥米加护盾"
"TID_MODULE_SHIELD_DESCR","吸收所受的伤害，直到护盾耗尽或激活时间耗尽。"
"TID_MODULE_SHIELD_WITH_SPEED_DESCR","吸收所受的伤害，直到护盾耗尽或激活时间耗尽。搭载船舰在护盾激活时航行速度加快。"
"TID_MODULE_REPAIR_DESCR","维修范围内所有受损的非敌舰，每秒恢复一定的船体强度点数。"
"TID_MODULE_TELEPORT","瞬间传送"
"TID_MODULE_TELEPORT_DESCR","在启动延迟后，船舰立刻传送至指定的目的地，目的地必须处于传送半径之内。无法传送至敌舰创造的屏障区域内。"
"TID_MODULE_TIME_WARP","时间扭曲"
"TID_MODULE_TIME_WARP_DESCR","在船舰一定半径内加快时间流逝速度。影响航行时间、战斗和神器装载速度。\n\n处在多个时间扭曲效果范围中的物体只受到等级最高的时间扭曲影响。"
"TID_MODULE_BATTERY","火炮"
"TID_MODULE_BATTERY_DESCR","每次攻击对单一目标造成伤害。"
"TID_MODULE_LASER","激光"
"TID_MODULE_LASER_DESCR","一种强力武器，聚焦在单一目标上的时间越长，造成的伤害越高。"
"TID_MODULE_WEAK_BATTERY","弱效火炮"
"TID_MODULE_WEAK_BATTERY_DESCR","一种威力较弱的武器，每次攻击对单一目标造成伤害。"
"TID_MINERAL_STORAGE_CAPACITY","氢气舱拓展"
"TID_MINERAL_STORAGE_CAPACITY_DESCR","增加采矿舰能搭载的最大氢气量。"
"TID_MODULE_REDSTAR_EXTENDER","红巨星生命延长"
"TID_MODULE_REDSTAR_EXTENDER_DESCR","在红巨星附近激活时，稍微延长红巨星的寿命。"
"TID_MODULE_STEALTH","潜行"
"TID_MODULE_STEALTH_DESCR","激活船舰会完全闪避敌舰的火力。在起效期间不会向敌人开火，也不会遭受攻击。"
"TID_MODULE_MASS_MINING","远程采矿"
"TID_MODULE_MASS_MINING_DESCR","同时收集同一个星区内所有小行星带的氢气，但采矿速度降低。"
"TID_MODULE_UNITY","齐心协力"
"TID_MODULE_UNITY_DESCR","当同一星区内有联盟玩家船舰时，增加搭载船舰造成的秒伤。增量与星区中有船舰的联盟玩家数量成正比。"
"TID_MODULE_UNITY_MINER","协力采矿"
"TID_MODULE_UNITY_MINER_DESCR","如果同一个星区内有其他玩家也在采矿，激活该模组的船舰即可加快采矿速度。增量与星区中其他采矿玩家数量成正比。"
"TID_MODULE_FORTIFY","固若金汤"
"TID_MODULE_FORTIFY_DESCR","减少受到的直接武器伤害。星区内所有的冥犬船舰都向搭载船舰移动。敌舰和地方基地在所有潜在目标中优先攻击搭载船舰。"
"TID_MODULE_SALVAGE","回收利用"
"TID_MODULE_SALVAGE_DESCR","每一次在同一星区中有船舰（冥犬幽魂舰除外）被摧毁的时候，立刻恢复一部分船体强度。"
"TID_MODULE_SUPRESS","火力压制"
"TID_MODULE_SUPRESS_DESCR","短时间内阻止一艘敌舰开火。"
"TID_MODULE_SHIPMENT_DRONE","运输无人舰"
"TID_MODULE_SHIPMENT_DRONE_DESCR","发射一艘无人舰，自动在可能的时候搭载并运送货物。无人舰只能在激活的太空曲道所连接的星区之间航行。\n\n无人舰一次只能运送货物至单一目的地。如果无人舰卸下一个以上的货物，整次货运将产生额外的星币加成，加成量与运送的额外货物数量成正比。"
"TID_MODULE_DESTINY","命中注定"
"TID_MODULE_DESTINY_DESCR","对射程内所有敌舰造成大量区域性伤害。发出伤害的船舰瞬间跳跃至恒星系统内一个随机小行星处。如果没有可用的小行星，就无法激活命中注定。\n\n跳跃完成后，船舰在短时间内瘫痪。\n\n模组只能在星区中有敌舰时激活。"
"TID_MODULE_LEAP","信仰之跃"
"TID_MODULE_LEAP_DESCR","搭载船舰开始传送到正在作战的，距离最近的盟友飞船，无论其在当前恒星系统的任何地方。在启动延迟之后，如果目标盟友仍然活着，搭载船舰将跳跃至最靠近盟友飞船的物体上。跳跃后，搭载船舰和盟友船舰都将在短时间内瘫痪。"
"TID_MODULE_BOND","捆绑"
"TID_MODULE_BOND_DESCR","在您和目标敌舰之间创建一个移动链接。当链接激活时，敌舰不能独立移动。搭载船舰的任何移动都会影响到敌舰，故两艘舰之间的距离总是保持一定。\n\n敌舰激活的屏障区域不会影响到搭载船舰。\n\n敌舰可以对搭载船舰使用捆绑，或激活能导致传送的模组，从而提前摆脱链接。\n\n在等级等于或小于7的公共红巨星中无效。在公共红巨星中，如果船舰捆绑住了冥犬飞船，则不可进行传送。\n\n对冥犬风暴舰无效。"
"TID_MODULE_VENGEANCE","报仇雪恨"
"TID_MODULE_VENGEANCE_DESCR","当搭载船舰船体强度降至阈值以下时会自动激活。如果搭载船舰在启动延迟过后没有被摧毁，就会触发一次巨大的爆炸，对射程内所有敌舰造成区域性伤害。"
"TID_MODULE_PASSIVE_SHIELD","被动护盾"
"TID_MODULE_PASSIVE_SHIELD_DESCR","永远处于激活状态的护盾，能随时间再生。\n\n只有再生延迟时长内不受到任何伤害后，护盾才会开始再生。"
"TID_MODULE_MIRROR_SHIELD","反射护盾"
"TID_MODULE_MIRROR_SHIELD_DESCR","将护盾所受的一部分伤害反射给攻击者。"
"TID_MODULE_AREA_SHIELD","区域护盾"
"TID_MODULE_AREA_SHIELD_DESCR","吸收效果范围内所有友方船舰所受的伤害，包括运输舰和采矿舰。"
"TID_MODULE_AREA_SHIELD_DESCR_CERB","吸收效果范围内任何冥犬船舰所受的伤害。"
"TID_MODULE_BLAST_SHIELD","防爆护盾"
"TID_MODULE_BLAST_SHIELD_DESCR","保护搭载船舰和范围内所有友舰仅免受区域性伤害。直接武器伤害会直接作用于船体，不会被该护盾吸收。"
"TID_MODULE_BARRIER","屏障"
"TID_MODULE_BARRIER_DESCR","在船舰周围创造一个力场。在力场内的敌舰和火箭无法移动。在效果范围内，敌舰无法利用任何物体作为传送模组的目标。"
"TID_MODULE_IMPULSE","一时冲动"
"TID_MODULE_IMPULSE_DESCR","极大增加搭载船舰速度，帮助其在当前航线上航行地更快。"
"TID_MODULE_BARRAGE","密集弹幕"
"TID_MODULE_BARRAGE_DESCR","当星区中有多艘敌舰时，火炮对单一目标造成额外伤害。\n\n冥犬幽魂舰不属于会受到额外伤害的敌舰。"
"TID_MODULE_HYDRO_UPLOAD","氢气输送"
"TID_MODULE_HYDRO_UPLOAD_DESCR","无需返回星球，立刻将一部分已收集的氢气输送至您帝国的储藏库中。"
"TID_MODULE_TRADE_BURST","贸易爆发"
"TID_MODULE_TRADE_BURST_DESCR","在激活期间对货运量进行计数。货运量达到最低阈值后，在模组依旧激活期间，搭载船舰运送的每批新货物都会获得额外的星币奖励。"
"TID_MODULE_SHIPMENTBEAM","货运光束"
"TID_MODULE_SHIPMENTBEAM_DESCR","从恒星系统的任何目标哨站处，立刻装载价值最低的货物。对于神器或圣物不可用。"
"TID_MODULE_SANCTUARY","避难圣所"
"TID_MODULE_SANCTUARY_DESCR","在战斗或超新星爆炸中，如果搭载船舰即将摧毁，将进行星际跳跃，回到自己的母星系。船舰上任何货物都会丢失。\n\n装备避难圣所的战斗舰如果在红巨星中被摧毁，那么将无法回到同一个红巨星星系中。"
"TID_MODULE_FUELUSE_PCT","\n\n安装该模组会使搭载船舰移动的氢气消耗增加{0}%。"
"TID_MODULE_CRUNCH","矿物粉碎"
"TID_MODULE_CRUNCH_DESCR","立刻从当前星区所有小行星带收集氢气（受最大氢气储量和采矿舰总容量的限制）。"
"TID_MODULE_RECALL","立即召回"
"TID_MODULE_RECALL_DESCR","允许运输舰在当前恒星系统中瞬间传送至任何太空贸易站。"
"TID_MODULE_ALPHAROCKET","阿尔法火箭"
"TID_MODULE_ALPHAROCKET_DESCR","一种速度快但较脆弱的火箭，能向单个固定目标发射。当火箭到达目的地时，会爆炸并对所有敌舰造成区域性伤害。\n\n敌舰可以使用一般瞄准规则向火箭开火。如果火箭在到达目的地之前被摧毁，则不会造成任何伤害。"
"TID_MODULE_DELTAROCKET","德尔塔火箭"
"TID_MODULE_DELTAROCKET_DESCR","一种速度非常快的火箭，在到达最终目的地之时会对所有敌舰造成区域性伤害。拥有者可在发射后选择设置第二个路径点。\n\n敌舰可以使用一般瞄准规则向火箭开火。如果火箭在到达目的地之前被摧毁，则不会造成任何伤害。\n\n在白星星际跳跃门存在的星区不可用。"
"TID_MODULE_EMP_ROCKET","电磁脉冲火箭"
"TID_MODULE_EMP_ROCKET_DESCR","爆炸时能使周围所有船舰瘫痪的火箭。"
"TID_MODULE_OMEGAROCKET","奥米加火箭"
"TID_MODULE_OMEGAROCKET_DESCR","一种强力、缓慢的火箭，可在有限范围内发射，并在到达目的地时造成大量区域性伤害。\n\n敌舰可以使用一般瞄准规则向火箭开火。如果火箭在到达最终目的地之前被摧毁，仍然可以在较小的半径内造成少量区域性伤害。"
"TID_MODULE_ENRICH","矿藏富集"
"TID_MODULE_ENRICH_DESCR","立刻增加星区中所有小行星氢气储量。每天在同一星区中使用不得超过一次。"
"TID_MODULE_RUSH","急速货运"
"TID_MODULE_RUSH_DESCR","当运输舰搭载任何目的地为下一个路径点的货物时，增加运输舰的速度。增速与目的地为下一个路径点的货物数量成正比。"
"TID_MODULE_GENESIS","创世纪"
"TID_MODULE_GENESIS_DESCR","在采矿舰目前所在的星区立刻创造一个新的小行星带。\n\n在白星星际跳跃门存在的星区不可用。"
"TID_MODULE_ENTRUST","委任"
"TID_MODULE_ENTRUST_DESCR","允许搭载运输舰将其货物瞬间移动到范围内的另一艘运输舰上。对货物、完全装载完毕的神器和圣物可用。"
"TID_MODULE_OFFLOAD","卸货"
"TID_MODULE_OFFLOAD_DESCR","模组激活时，无论货物实际目的地在哪里，运输舰都会在到达太空贸易站时卸载所有货物。原始目的地不为太空贸易站的货物会获得更少的奖励。"
"TID_ALPHA_DRONE_MODULE_DESCR","向恒星系统中的任意目的地发射单个战斗无人舰。无人舰自动航行至目的地后便固守那里，直到被摧毁或激活时间耗尽。\n\n在白星星际跳跃门存在的星区不可用。"
"TID_MODULE_MINING_DRONE","采矿无人机"
"TID_MODULE_MINING_DRONE_DESCR","向目标小行星发射一架独立飞船，小行星必须处于采矿舰的范围之内。无人机会持续采矿，直到小行星资源耗尽，或无人机容量已满。当采矿完成后，无人机会将氢气运送至最近的星球，然后自爆。"
"TID_MODULE_ROCKET_LAUNCHER","轰炸舰火箭"
"TID_MODULE_ROCKET_LAUNCHER_DESCR","瞄准在轰炸舰星区或任何相邻星区有船舰的敌对玩家，发射一枚轰炸舰火箭。每枚火箭都会飞向敌对玩家最近的飞船。"
"TID_BOMBER_ROCKET_DESCR","一种非常强大的火箭，在到达最终目的地之时会对所有玩家船舰造成区域性伤害。如果火箭在到达最终目的地之前被摧毁，仍然可以在较小的半径内造成少量区域性伤害。"
"TID_MODULE_DART_LAUNCHER","达特发射器"
"TID_MODULE_DART_LAUNCHER_DESCR","按固定间隔时间向目标敌船发射达特导弹。\n\n任何敌舰都可以使用一般瞄准规则来摧毁导弹。\n\n当导弹到达目的地时，它只会对目标船造成直接武器伤害，而且只有当目标船仍在影响区域内时。\n\n这种武器只会向敌舰开火。火箭和冥犬站点被忽略。"
"TID_DART_MISSILE","达特导弹"
"TID_DART_MISSILE_DESCR","向单艘船舰发射的导弹。一旦导弹到达目的地，如果目标船舰在爆炸范围内，将对其造成伤害。"
"TID_MODULE_DISPATCH","调度"
"TID_MODULE_DISPATCH_DESCR","运输舰启动传送至恒星系统中物品（货物、神器或圣物）最多的星球。如果多于一颗星球有相同数量的物品，最远的星球会被选中。\n\n准备时间结束后，传送完成。准备时间长短与激活时目标星球上的物品数量成正比。"
"TID_MODULE_HYDRO_ROCKET","氢气火箭"
"TID_MODULE_HYDRO_ROCKET_DESCR","允许采矿舰向恒星系统内任意处发射一枚强力火箭。\n\n要激活此模组，采矿舰必须采集到所要求的氢气量。激活时将会消耗氢气。"
"TID_HYDRO_ROCKET_DESCR","采矿舰发射的一种强力火箭。当火箭到达目的地时，会爆炸并对所有敌舰造成区域性伤害。\n\n敌舰可以使用一般瞄准规则向火箭开火。如果火箭在到达目的地之前被摧毁，则不会造成任何伤害。"
"TID_MODULE_DART_BARRAGE","达特密集弹幕"
"TID_MODULE_DART_BARRAGE_DESCR","定时发射一枚快速达特导弹，攻击射程内所有的敌舰。"
"TID_MODULE_SUSPEND","放缓时间"
"TID_MODULE_SUSPEND_DESCR","在船舰四周大范围内减缓时间流逝速度。无视效果范围内的任何时间扭曲效果。\n\n如果物体处于多个放缓时间效果范围内，那么只会受到等级最高的放缓效果的影响。"
"TID_MODULE_RECOIL","后坐力跳跃"
"TID_MODULE_RECOIL_DESCR","旗舰进入传送倒计时，准备移动到恒星系统中的任意处。倒计时结束时，旗舰会跳至目的地，并立刻开始第二次传送倒计时，返回起始位置。"
"TID_MODULE_IMMOLATION","献祭牲礼"
"TID_MODULE_IMMOLATION_DESCR","立刻摧毁星区中所有的冥犬船舰。"
"TID_MODULE_HYDRA_BARRAGE","九头蛇密集弹幕"
"TID_MODULE_HYDRA_BARRAGE_DESCR","当星区中存在多艘敌方飞船时，强力火炮会对单一目标造成额外伤害。\n\n针对单一目标飞船伤害：{0}\n星区中每艘飞船的额外伤害：{1}"
"TID_MODULE_REMOTE_BOMB","远程炸弹"
"TID_MODULE_REMOTE_BOMB_DESCR","在飞船当前的位置留下一颗固定炸弹。敌方飞船进入爆炸范围后既会触发炸弹。当触发阶段结束后，所有位于爆炸范围内的敌方飞船都将受到区域性伤害。敌方飞船可使用常规瞄准规则来瞄准炸弹。如果在触发阶段结束前被拆除，炸弹会在较小范围内造成少量区域性伤害。\n\n不会受区域性伤害影响。\n\n无法在黄星使用。"
"TID_REMOTE_BOMB_DESCR","可在敌方飞船进入爆炸范围后触发的固定炸弹。当触发阶段结束后，所有位于爆炸范围内的敌方飞船都将受到区域性伤害。敌方飞船可使用常规瞄准规则来瞄准炸弹。如果在触发阶段结束前被拆除，炸弹会在较小范围内造成少量区域性伤害。"
"TID_CERB_STATION_HOME1","脆弱冥犬基地"
"TID_CERB_STATION_HOME2","冥犬基地"
"TID_CERB_STATION_HOME3","强大冥犬基地"
"TID_CERB_STATION_HOME_DESCR","每天产生冥犬船舰。在建造出一队规模可观的战斗舰队之前请勿轻易靠近。"
"TID_TRADEITEM_ALLOYS","合金"
"TID_TRADEITEM_DIAMONDS","钻石"
"TID_TRADEITEM_SILICON","硅"
"TID_TRADEITEM_STEEL","钢"
"TID_TRADEITEM_FUELCELLS","燃料电池"
"TID_TRADEITEM_SOLARCONVERTER","太阳能转换器"
"TID_TRADEITEM_CRYSTALS","水晶集装箱"
"TID_TRADEITEM_GOLD","金"
"TID_TRADEITEM_ARTIFACT_TUT","小型神器"
"TID_TRADEITEM_ARTIFACT_COMBAT_1","等级1星珠"
"TID_TRADEITEM_ARTIFACT_COMBAT_2","等级2星珠"
"TID_TRADEITEM_ARTIFACT_COMBAT_3","等级3星珠"
"TID_TRADEITEM_ARTIFACT_COMBAT_4","等级4星珠"
"TID_TRADEITEM_ARTIFACT_COMBAT_5","等级5星珠"
"TID_TRADEITEM_ARTIFACT_COMBAT_6","等级6星珠"
"TID_TRADEITEM_ARTIFACT_COMBAT_7","等级7星珠"
"TID_TRADEITEM_ARTIFACT_COMBAT_8","等级8星珠"
"TID_TRADEITEM_ARTIFACT_COMBAT_9","等级9星珠"
"TID_TRADEITEM_ARTIFACT_COMBAT_10","等级10星珠"
"TID_TRADEITEM_ARTIFACT_COMBAT_11","等级11星珠"
"TID_TRADEITEM_ARTIFACT_UTILITY_1","等级1蓝水晶"
"TID_TRADEITEM_ARTIFACT_UTILITY_2","等级2蓝水晶"
"TID_TRADEITEM_ARTIFACT_UTILITY_3","等级3蓝水晶"
"TID_TRADEITEM_ARTIFACT_UTILITY_4","等级4蓝水晶"
"TID_TRADEITEM_ARTIFACT_UTILITY_5","等级5蓝水晶"
"TID_TRADEITEM_ARTIFACT_UTILITY_6","等级6蓝水晶"
"TID_TRADEITEM_ARTIFACT_UTILITY_7","等级7蓝水晶"
"TID_TRADEITEM_ARTIFACT_UTILITY_8","等级8蓝水晶"
"TID_TRADEITEM_ARTIFACT_UTILITY_9","等级9蓝水晶"
"TID_TRADEITEM_ARTIFACT_UTILITY_10","等级10蓝水晶"
"TID_TRADEITEM_ARTIFACT_UTILITY_11","等级11蓝水晶"
"TID_TRADEITEM_ARTIFACT_SUPPORT_1","等级1四面体"
"TID_TRADEITEM_ARTIFACT_SUPPORT_2","等级2四面体"
"TID_TRADEITEM_ARTIFACT_SUPPORT_3","等级3四面体"
"TID_TRADEITEM_ARTIFACT_SUPPORT_4","等级4四面体"
"TID_TRADEITEM_ARTIFACT_SUPPORT_5","等级5四面体"
"TID_TRADEITEM_ARTIFACT_SUPPORT_6","等级6四面体"
"TID_TRADEITEM_ARTIFACT_SUPPORT_7","等级7四面体"
"TID_TRADEITEM_ARTIFACT_SUPPORT_8","等级8四面体"
"TID_TRADEITEM_ARTIFACT_SUPPORT_9","等级9四面体"
"TID_TRADEITEM_ARTIFACT_SUPPORT_10","等级10四面体"
"TID_TRADEITEM_ARTIFACT_SUPPORT_11","等级11四面体"
"TID_PLANET_DESERT_1","小型沙漠星球"
"TID_PLANET_DESERT_2","沙漠星球"
"TID_PLANET_DESERT_3","大型沙漠星球"
"TID_PLANET_DESERT_DESCR","沙漠星球生成价值很低的货物，但提供可提供充裕的氢气储存空间。"
"TID_PLANET_LAVA_1","小型火焰星球"
"TID_PLANET_LAVA_2","火焰星球"
"TID_PLANET_LAVA_3","大型火焰星球"
"TID_PLANET_LAVA_DESCR","火焰星球生成价值略低的货物，并且每小时为您的帝国赚取少量星币和氢气。"
"TID_PLANET_WATER_1","小型水类星球"
"TID_PLANET_WATER_2","水类星球"
"TID_PLANET_WATER_3","大型水类星球"
"TID_PLANET_WATER_DESCR","水类星球生成价值略低的货物，并且每小时为您的帝国赚取定量的星币。"
"TID_PLANET_TERRAN_1","小型类地星球"
"TID_PLANET_TERRAN_2","类地星球"
"TID_PLANET_TERRAN_3","大型类地星球"
"TID_PLANET_TERRAN_DESCR","类地星球生成常规价值的货物，并且每小时为您的帝国赚取少量的氢气。"
"TID_PLANET_GAS_1","气体星球"
"TID_PLANET_GAS_2","巨型气体星球"
"TID_PLANET_GAS_DESCR","气体星球生成常规价值的货物，并每小时为您的帝国赚取少量的星币。"
"TID_PLANET_ICE","寒冰星球"
"TID_PLANET_ICE_DESCR","寒冰星球生成高价值货物，并每小时为您的帝国赚取定量的星币和氢气。"
"TID_PLANET_DESTROYED","濒死星球"
"TID_PLANET_DESTROYED_DESCR","这种星球可能有古老的神器，可用来研发新模组。"
"TID_YELLOW_STAR","黄星"
"TID_YELLOW_STAR_DESCR","黄星周围包含无数颗宜居星球，非常适合建设基地基础设施。每个帝国都有自己的黄星，建造其行动基地。"
"TID_RED_STAR","红巨星"
"TID_RED_STAR_INFO","红巨星非常不稳定。它们周围经常环绕着蕴藏神器的非宜居星球。"
"TID_WHITE_STAR","白星"
"TID_WHITE_STAR_INFO","白星是圣物唯一的来源，故受到Hades宇宙中各个星际集团的追寻。"
"TID_BLUE_STAR","蓝星"
"TID_BLUE_STAR_INFO","这种星系寿命很短，不断向内坍缩，非常危险。\n\n蓝星会对星区内所有的船舰造成直接伤害。"
"TID_HOME_STAR","母星"
"TID_OTHER_STARS","其他星球"
"TID_ACHIEVEMENT_SHIPMENTS","送货到家"
"TID_ACHIEVEMENT_SHIPMENTS_DESCR","运送总计{0}批货物"
"TID_ACHIEVEMENT_UPGRADEPLANET","星球升级"
"TID_ACHIEVEMENT_UPGRADEPLANET_DESCR","升级您的一颗星球至等级{0}"
"TID_ACHIEVEMENT_FLEETSIZE","舰队规模"
"TID_ACHIEVEMENT_FLEETSIZE_DESCR","增加您的舰队容量至{0}"
"TID_ACHIEVEMENT_COMMONMINERALS","氢气收集者"
"TID_ACHIEVEMENT_COMMONMINERALS_DESCR","从小行星带采集{0}单位氢气"
"TID_ACHIEVEMENT_NUMBERARTIFACTS","神器猎人"
"TID_ACHIEVEMENT_NUMBERARTIFACTS_DESCR","研究{0}个神器"
"TID_ACHIEVEMENT_PLANETSCOLONIZED","殖民者"
"TID_ACHIEVEMENT_PLANETSCOLONIZED_DESCR","殖民{0}个星球"
"TID_ACHIEVEMENT_SECTORUNLOCKED","黄星探索者"
"TID_ACHIEVEMENT_SECTORUNLOCKED_DESCR","在您的母星系中揭示{0}个星区"
"TID_ACHIEVEMENT_TAX","货运助手"
"TID_ACHIEVEMENT_TAX_DESCR","通过帮助其他玩家运送货物，获得总计{0}星币报酬"
"TID_ACHIEVEMENT_RELATIONSHIP","稳定关系"
"TID_ACHIEVEMENT_RELATIONSHIP_DESCR","与另一位玩家保持外交关系{0}天不中断"
"TID_ACHIEVEMENT_CERBFLEETSDESTROYED","护卫杀手"
"TID_ACHIEVEMENT_CERBFLEETSDESTROYED_DESCR","摧毁总计{0}艘冥犬船舰"
"TID_ACHIEVEMENT_CRINCOME","星币大亨"
"TID_ACHIEVEMENT_CRINCOME_DESCR","连续7天每天总收入保持在{0}星币以上"
"TID_ACHIEVEMENT_HYDROINCOME","氢气大亨"
"TID_ACHIEVEMENT_HYDROINCOME_DESCR","连续7天每天氢气收入量保持在{0}单位以上"
"TID_ACHIEVEMENT_WS","通力合作"
"TID_ACHIEVEMENT_WS_DESCR","参加{0}次白星任务"
"TID_ACHIEVEMENT_WS_HYDRO","收集者"
"TID_ACHIEVEMENT_WS_HYDRO_DESCR","在白星星球上存入{0}单位氢气"
"TID_ACHIEVEMENT_WS_RELICS","圣物管家"
"TID_ACHIEVEMENT_WS_RELICS_DESCR","为您的星际集团获取{0}个圣物"
"TID_ACHIEVEMENT_WS_REWARDS","富可敌国"
"TID_ACHIEVEMENT_WS_REWARDS_DESCR","从白星任务中获得{0}星币奖励"
"TID_ACHIEVEMENT_BS_WINS","蓝星战士"
"TID_ACHIEVEMENT_BS_WINS_DESCR","赢得{0}次蓝星任务"
"TID_HUD_MSG_FLEET_CAPACITY_FULL","升级您的船坞（或遣散已有船舰）以建造更多船舰"
"TID_HUD_PLACE_LOCATION_INVALID_TOO_FAR","选择一个更靠近恒星的位置"
"TID_HUD_PLACE_LOCATION_INVALID_NOT_VISIBLE","在星系中可见区域中选择一个位置"
"TID_HUD_PLACE_LOCATION_INVALID_TOO_CLOSE","选择一个离星球和太空站更远的位置"
"TID_HUD_PLACE_LOCATION_INVALID_TOO_CLOSE_STAR","选择一个离恒星更远的位置"
"TID_HUD_PLACE_LOCATION_INVALID_MUST_BE_EMPTY_SECTOR","此太空站仅可置于没有星球的星区"
"TID_HUD_PLACE_LOCATION_INVALID_SECOND_OBJECT_MUST_BE_FURTHER_FROM_FIRST","第二个太空站不能离第一个过近"
"TID_CANNOT_MOVE_ACTIVE_WARP_HUB","不能移动出于激活状态的枢纽。请等待激活时间耗尽。"
"TID_HUD_PLACE_LOCATION_INVALID_SECTOR_ALREADY_HAS_BUILDING","该星区无法容纳更多此类太空站"
"TID_HUD_PLACE_LOCATION_INVALID_SUN","该太空站不能离恒星过近"
"TID_HUD_PLACE_LOCATION_INVALID_NO_SUN","该太空站必须被置于恒星附近"
"TID_HUD_PLACE_LOCATION_INVALID_SECTOR_EDGE","您不能在离星区边缘过近的地方进行建造"
"TID_HUD_PLACE_LOCATION_INVALID_CERBERUS","您必须先清除所有冥犬舰队才能在星区进行建造"
"TID_HUD_MOVE_LOCATION_INVALID_CERBERUS","您必须先清除所有冥犬舰队才能将太空站移至该星区"
"TID_HUD_MUST_MOVE_TO_SAME_SECTOR","您只能在同一星区内移动该太空站"
"TID_HUD_CANNOT_COLONIZE_NEED_SHIP","您必须有船舰泊靠在星球时才可进行殖民"
"TID_HUD_MSG_CORP_JOINED","您已加入了“{0}”星际集团"
"TID_HUD_MSG_CORP_LEFT","您已退出一个星际集团"
"TID_HUD_MSG_CORP_CANTJOIN_ALREADYIN","无法加入星际集团：您已是该集团成员"
"TID_HUD_MSG_CORP_JOIN_WAIT","您必须等待一段时间才能再次加入该星际集团。"
"TID_HUD_MSG_CORP_CANTJOIN_CLOSED","无法加入：星际集团已经封闭"
"TID_HUD_MSG_CORP_CANTJOIN_FULL","无法加入星际集团：成员已满"
"TID_HUD_MSG_CORP_CANTJOIN_INTERNALSERVERERROR","无法加入星际集团：请稍候再试"
"TID_HUD_MSG_CORP_CANTJOIN_INFLUENCE_LOW","无法加入星际集团：您未能达到最低影响力要求"
"TID_HUD_MSG_CORP_JOIN_REQUEST_SENT","已发送加入星际集团请求"
"TID_HUD_MSG_MODULE_INVALID_TARGET_OUT_OF_RANGE","选择模组范围内的一个物体"
"TID_HUD_MSG_MODULE_INVALID_SUPRESS_TARGET","火力压制只对敌舰起效"
"TID_HUD_MSG_MODULE_INVALID_TARGET","这个目标对当前模组无效"
"TID_HUD_MSG_CANT_TELEPORT_OUTSIDE_BLS","无法传送到蓝星坍缩区域之外"
"TID_HUDMSG_ERROR_CANT_LAUNCH_MORE_SHIPS","无法发射更多此类船舰"
"TID_HUD_MSG_MODULE_ONLY_WHEN_TRAVELLING","该模组只能在船舰移动时激活"
"TID_HUD_MSG_MODULE_NEEDS_ASTEROIDS","该模组只能在当前星区有小行星时激活"
"TID_HUD_MSG_MODULE_WAIT_FOR_SECTOR","您必须等待冷却完成才能在该星区再次使用此模组"
"TID_HUD_MSG_MODULE_NEEDS_CLOSER_TO_STAR","您的船舰需要更靠近这颗恒星才能激活该模组"
"TID_HUD_PLACE_LOCATION_INVALID_NO_NEED_FOR_SRS","您在该星区中不需要短距扫描仪"
"TID_HUD_MSG_MODULE_INVALID_NOT_ENOUGH_HYDROGEN","您的氢气储量不足以激活该模组"
"TID_HUD_MSG_MODULE_INVALID_SHIPMENTBEAM_TARGET","您必须选择一个存有货物的哨站"
"TID_HUD_MSG_MODULE_INVALID_SHIPMENTBEAM_NO_CAPACITY","您的存储空间不足，无法将货物传送至该舰"
"TID_HUD_MSG_MODULE_TELEPORT_MUST_SELECT_TRADE_STATION","您必须选择一个太空贸易站"
"TID_HUD_MSG_MODULE_OTHER_ACTIVATING","已经在激活一个模组"
"TID_HUD_MSG_INVALID_DRONE_LOCATION","选择一个位置让无人舰开始运送货物"
"TID_HUD_MSG_CANT_BOND_TELEPORTING_SHIP","正在等待瞬间传送的船舰无法激活捆绑模组"
"TID_HUD_MSG_CANT_BOND_TELEPORT_CERB_PRS","在公共红巨星中使用捆绑时无法传送"
"TID_HUD_MSG_BS_WON","您赢得了这次蓝星任务！"
"TID_HUD_MSG_BS_END","蓝星任务已结束。您最终排名第{0}位。"
"TID_HUD_MSG_DISPATCH_NO_TARGET","找不到有效的调度目标"
"TID_HUD_MSG_NO_CERB_IN_SECTOR","只有在星区中存在敌对冥犬船舰时，该模组才能被激活。"
"TID_HUD_CREDITS","星币"
"TID_HUD_HYDROGEN","氢气"
"TID_HUD_CRYSTALS","水晶"
"TID_HUD_CREDITS_EXPLANATION","<creditColor>星币</color>是一种主要货币，可用来购买船舰、解锁模组、建造并升级基础设施。"
"TID_HUD_HYDROGEN_EXPLANATION","<hydrogenColor>氢气</color>可用来在恒星系统中移动船舰、让船舰跳跃至新的恒星系统或激活特定的模组。"
"TID_HUD_CRYSTAL_EXPLANATION","<crystalColor>水晶</color>可用来购买星币和氢气，并可加速完成各类操作。"
"TID_HUD_ADD_CRYSTALS","添加水晶"
"TID_HUD_MAX_STORAGE","最大储存空间"
"TID_HUD_INCOME_PER_HR","每小时收入"
"TID_HUD_NEXT_INSTALLMENT","下一批"
"TID_HUD_STORAGE_FULL","储存空间已满。升级您的星球以增加储存空间。"
"TID_HUD_PLACE_BUILDING_PROMPT","为{0}选择安置地点"
"TID_HUD_PLACE_SRS_CONFIRM","您确定要将短距扫描仪安置在该星区中吗？这可能不是最佳位置。"
"TID_HUD_PLACE_SECOND_BUILDING_PROMPT","为第二个{0}选择安置地点"
"TID_HUD_PLACEMENT_PROMPT_SELECT_FLEET_DEST","选择目的地"
"TID_HUD_PLACEMENT_WAYPOINT","选择下一个路径点"
"TID_HUD_PICK_TELEPORT_TARGET","选择瞬间传送目标"
"TID_HUD_PICK_SUPRESS_TARGET","选择火力压制目标"
"TID_HUD_PICK_MODULE_TARGET","选择目标"
"TID_HUD_PICK_ENTRUST_TARGET","选择委任目标"
"TID_HUD_PICK_WARP_LANE_TARGET","选择目标枢纽以链接"
"TID_HUD_CANNOT_LINK_WARP_LANE_TO_THIS_OBJECT","无效物体，请选择另一个太空曲道枢纽"
"TID_HUD_CONFIRM_WARP_LANE_LINK","是否在这两个枢纽之间建立一个持续 {0}的太空曲道？"
"TID_HUD_CONFIRM_WARP_LANE_UNLINK","您确定要在该太空曲道过期前解除其链接吗？"
"TID_HUD_CONFIRM_BUILDING_MOVE","将该太空站移至新地点？"
"TID_HUD_MOVETO_POPUP_DESTINATION","移动至{0}"
"TID_HUD_MOVETO_POPUP_DISTANCE","距离{0}天文单位"
"TID_HUD_MOVETO_CANCEL_MOVE","取消"
"TID_HUD_MOVE_WILL_DUMP_SHIPMENTS_CONFIRM","在装载完成前就移动运输舰会丢下圣物。要继续吗？"
"TID_HUD_MOVE_TRANSPORT_WITH_ARTIFACTS","您的运输舰正在装载神器。如果现在启航，装载中和队列中的神器都将被抛下。"
"TID_HUD_MOVE_TRANSPORT_ARTIFACTS_NOW","立刻启航"
"TID_HUD_MOVE_TRANSPORT_ARTIFACTS_WHEN_DONE","装载完所有神器后启航"
"TID_HUD_MSG_STAR_DESTROYED","曾在此处的恒星系统已被摧毁，什么都没有留下……"
"TID_HUD_PICK_SHIPMENTBEAM_TARGET","选择目标哨站"
"TID_HUD_PICK_TELEPORT_TRADE_STATION_TARGET","选择目标太空贸易站"
"TID_HUD_PICK_ROCKET_TARGET","选择火箭目标"
"TID_HUD_PICK_DRONE_TARGET","选择无人舰目的地"
"TID_HUD_PICK_MINING_SECTOR","选择采矿星区{1}之{0}"
"TID_HUD_ERR_ALL_MINING_SECTORS_PICKED","您已为自己的采矿舰指定了一条完整的路线。选择一处已激活星区，进行路线重置。"
"TID_HUD_ROUTE_DONE","路线已设定，点击一处路线所在的星区以重置"
"TID_HUD_FINALIZE_MINER_ROUTE","敲定路线"
"TID_STATUS_MINING_SECTOR","采矿星区"
"TID_STATUS_MINING_SINGLE","正在采矿"
"TID_STATUS_MINING","采矿星区{1}之{0}"
"TID_STATUS_LOADING_ARTIFACT","正在装载神器"
"TID_STATUS_LOADING_MULTIPLE_ARTIFACTS","正在加载{0}件神器"
"TID_STATUS_DEPARTING","启航去{0}"
"TID_STATUS_MOVING","移动至{0}"
"TID_OBJ_EMPTY_SPACE","真空区"
"TID_STATUS_DOCKED","泊靠在{0}"
"TID_STATUS_DISABLED","<color>已瘫痪</color>"
"TID_STATUS_REPAIRING","正在维修"
"TID_STATUS_DESTROYING_PLANET","正在摧毁星球"
"TID_STATUS_ACTIVATING_MODULE","正在激活{0}"
"TID_STATUS_DRONE_EXPIRY","剩余时间：{0}"
"TID_MULTIPLE_SHIPS_SELECTED","已选择{0}艘船"
"TID_STATUS_NOT_TRIGGERED","未触发"
"TID_STATUS_TRIGGERING","触发中……"
"TID_OBJ_ACTION_VIEW_MISSION","扫描"
"TID_OBJ_ACTION_EXPLORE_SECTOR","揭示"
"TID_OBJ_ACTION_FINISH_NOW","立刻完成"
"TID_OBJ_ACTION_VIEW_RESEARCH","研究"
"TID_OBJ_ACTION_CANCEL_BUILD","取消建造"
"TID_OBJ_CANCEL_BUILD_CONFIRM","您确定要取消建造吗？您将获得{0}%的成本返还。"
"TID_OBJECT_NAME_WITH_LEVEL","{0}（等级{1}）"
"TID_TRADE_STATION_NAME","太空贸易站{0}"
"TID_PLANET_COLONIZED_BY","由{0}殖民"
"TID_PLANET_NOT_COLONIZED","尚未殖民"
"TID_OBJECT_ACTION_UPGRADE","升级"
"TID_OBJECT_ACTION_CANCEL_DEPARTURE","取消移动"
"TID_OBJECT_ACTION_FORCE_DEPARTURE","立刻启航"
"TID_OBJECT_ACTION_COLONIZE","殖民"
"TID_OBJECT_ACTION_CLEAR_WAYPOINTS","清除上一个路径点"
"TID_OBJECT_ACTION_MOVE","移动"
"TID_OBJECT_ACTION_ADD_WAYPOINT","添加路径点"
"TID_OBJECT_ACTION_PLAYER_INFO","玩家信息"
"TID_OBJECT_ACTION_VISIT_STAR","前往恒星"
"TID_OBJECT_ACTION_TRADE_JOBS","货物"
"TID_OBJECT_ACTION_ARTIFACTS","神器"
"TID_OBJECT_ACTION_PRODUCTION","建造"
"TID_OBJECT_ACTION_ACTIVATE","激活"
"TID_OBJECT_ACTION_DEACTIVATE","解除"
"TID_OBJECT_ACTION_LINK","链接"
"TID_OBJECT_ACTION_UNLINK","解除链接"
"TID_OBJECT_ACTION_SHIP_UPGRADE","模组"
"TID_OBJECT_ACTION_USE_STARGATE","跳跃"
"TID_OBJECT_ACTION_SPEEDUP_BUILDING_CONSTRUCTION","完成"
"TID_OBJECT_ACTION_VIEW_ALLIANCE_STAR","恒星"
"TID_OBJECT_ACTION_FINISH_PLANET_UPGRADE","完成"
"TID_CERBERUS_STATION_SPAWNING_IN","{0}内将生成新的战斗舰"
"TID_OBJECT_ACTION_VIEW_DIPLOMACY_LINK","查看外交"
"TID_OBJECT_ACTION_VIEW_RED_STAR_STATUS","扫描仪状态"
"TID_OBJECT_ACTION_INFO","信息"
"TID_OBJECT_INFO_UNDER_CONSTRUCTION","正在建造"
"TID_OBJECT_INFO_UPGRADING_TO_LEVEL","正升级至等级{0}"
"TID_OBJECT_INFO_UPGRADING_SHIP_TO_LEVEL","正在升级{0}"
"TID_RESEARCHING","正在研究神器……"
"TID_SCOUTING","正在扫描..."
"TID_UNLOCK_SECTOR_CONFIRM","开始扫描该星区？"
"TID_CONFIRM_SECTOR_SPEEDUP","完成扫描该星区？"
"TID_WARP_HUB_LINKED","已链接"
"TID_WARP_HUB_NOT_LINKED","未链接"
"TID_CR_ASTEROID_CONTAINS","包含  <quad class=''cr''><color>{0}</color>。"
"TID_ASTEROID_HYDROGEN_REMAINING","<quad class=''fuel''>剩余<color>{0}</color>"
"TID_SELECT_REVEAL_SECTOR","选择一个相邻星区来揭示"
"TID_SECTOR_NOT_ADJACENT","该星区与扫描仪不相邻"
"TID_SECTOR_ALREADY_EXPLORED","该星区已扫描过"
"TID_SCANNER_BUSY","您必须等待扫描仪完成当前操作"
"TID_READY_TO_USE","已就绪"
"TID_RECHARGING","正在充能……"
"TID_ACTIVE","已激活"
"TID_OBJECT_ACTION_PROGRAM_MINER","设置采矿路线"
"TID_OBJECT_ACTION_SUMMON_FLAGSHIP","召唤旗舰"
"TID_DIPLOMACY_LINK_DLG_TITLE","太空外交站"
"TID_DIPLOMACY_LINK_DLG_RECOMMENDED_PLAYERS_TAB","推荐"
"TID_DIPLOMACY_LINK_DLG_FRIENDS_TAB","好友"
"TID_DIPLOMACY_DLG_EMPTY_PROMPT","选择一位推荐玩家请求建立外交关系。\n\n您也可以通过任何其他玩家的档案窗口发送请求。"
"TID_DIPLOMACTY_DLG_INCOMING_REQUEST_TEXT","收到的请求"
"TID_DIPLOMACTY_DLG_OUTGOING_REQUEST_TEXT","发送的请求"
"TID_DIPLOMACY_DLG_CANCEL_REQUEST","取消"
"TID_DIPLOMACTY_DLG_INCOMING_REQUEST_ACCEPT","接受"
"TID_DIPLOMACTY_DLG_INCOMING_REQUEST_REJECT","拒绝"
"TID_DIPLOMACTY_DLG_INCOMING_REQUEST_PLAYER_INFO","玩家信息"
"TID_DIPLOMACY_DLG_LINKED_TO","您的太空站已链接到："
"TID_DIPLOMACY_DLG_CONFIRM_END_RELATIONS","您确定要中断与该玩家的外交关系吗？所有船舰将返回自己的母星系"
"TID_DIPLOMACY_DLG_REQUEST_BUTTON","请求"
"TID_MSG_REQUEST_SENT","外交请求已成功发送"
"TID_MSG_REQUEST_OTHER_PLAYER_SLOTS_FULL","无法发送请求，玩家外交中心已满"
"TID_MSG_REQUEST_OTHER_PLAYER_INBOX_FULL","无法发送请求，玩家收件箱已满"
"TID_MSG_REQUEST_ALREADY_WAITING_FOR_RESPONSE","无法发送请求，已在等待该玩家回应"
"TID_DIPLOMACY_LINK_DLG_NO_RECOMMENDED_PLAYERS","没有可用玩家"
"TID_OFFLINE_REPORT_DLG_TITLE","进度报告"
"TID_OFFLINE_REPORT_DLG_LAST_LOGIN","上次登录：{0}之前"
"TID_OFFLINE_SECTION_TITLE_RESOURCES_COLLECTED","资源"
"TID_OFFLINE_REPORT_DLG_CR_FROM_SHIPMENTS","货运获得+{0}星币"
"TID_OFFLINE_REPORT_DLG_FUEL_FROM_SHIPMENTS","采矿获得+{0}氢气"
"TID_OFFLINE_REPORT_DLG_CR_FROM_TAX","外交伙伴货运获得+{0}星币"
"TID_OFFLINE_SECTION_TITLE_SUPERNOVA","恒星已发生超新星爆炸"
"TID_OFFLINE_SECTION_SUPERNOVA_VIEW","查看"
"TID_OFFLINE_REPORT_DLG_DISMISS_BUTTON","关闭"
"TID_OFFLINE_REPORT_DLG_PLANET_UPGRADED","{0}已成为等级{1}星球"
"TID_OFFLINE_REPORT_SHIP_LOST","船舰损失"
"TID_MISSING_RES_DLG_NOT_ENOUGH_CR_TITLE","星币不足"
"TID_MISSING_RES_DLG_BUY_MISSING_CR","购买不足的<quad class=''cr''><color>{0}</color>？"
"TID_MISSING_RES_DLG_NOT_ENOUGH_FUEL_TITLE","氢气不足"
"TID_MISSING_RES_DLG_BUY_MISSING_FUEL","购买不足的<quad class=''fuel''><color>{0}</color>？"
"TID_NOT_ENOUGH_CRYSTALS_DLG_TITLE","水晶不足"
"TID_NOT_ENOUGH_CRYSTALS_BUY_MORE_PROMPT","您可以在商店额外购买水晶"
"TID_NOT_ENOUGH_CRYSTALS_ENTER_STORE_BUTTON","进入商店"
"TID_PURCHASES_DISABLED","A测版本中已禁用购买"
"TID_PURCHASING_FAILED_DISABLED","您的设备设置已禁用购买"
"TID_PURCHASING_FAILED_NO_PRODUCTS_FOUND","购买不可用：找不到商品"
"TID_PURCHASING_FAILED_UNKNOWN_GAME","购买不可用：未知应用"
"TID_PURCHASING_NOT_INITIALIZED","购买暂不可用，请稍后再试"
"TID_PURCHASE_IN_PROGRESS","已有订单在进行中，请等待其处理完成"
"TID_PURCHASE_FAIL_EXISTING_PENDING","购买失败：上一次购买尚在处理中"
"TID_PURCHASE_FAIL_PAYMENTDECLINED","购买失败：付款已被拒绝"
"TID_PURCHASE_FAIL_PRODUCTUNAVAILABLE","购买失败：商品不可用"
"TID_PURCHASE_FAIL_PURCHASINGUNAVAILABLE","购买失败：购买不可用"
"TID_PURCHASE_FAIL_SIGNATUREINVALID","购买失败：无效签名"
"TID_PURCHASE_FAIL_USERCANCELLED","购买失败：用户已取消"
"TID_PURCHASE_FAIL_UNKNOWN","购买失败：未知原因"
"TID_PURCHASE_STEAM_NO_OVERLAY","需要启用Steam界面进行购买。"
"TID_PURCHASE_OFFER_EXPIRED","该优惠已过期"
"TID_SETTINGS_DLG_TITLE","设置"
"TID_SETTINGS_DLG_ACCOUNT","账户"
"TID_SETTINGS_DLG_NOT_SIGNED_IN","未登录"
"TID_SETTINGS_DLG_NOT_SIGNED_IN_APPLE","登录GameCenter以保存进度，并从其他iPhone或iPad设备上访问您的账户"
"TID_SETTINGS_DLG_NOT_SIGNED_IN_GOOGLE","登录Google Play Games以保存进度，并从其他安卓设备上访问您的账户"
"TID_SETTINGS_DLG_SIGN_IN","登录"
"TID_SETTINGS_DLG_SIGN_OUT","登出"
"TID_SETTINGS_DLG_CONTACT_SUPPORT","帮助和支持"
"TID_SETTINGS_DLG_LINK_DEVICE","连接另一个设备"
"TID_LINK_DEVICE_ERR_SIGN_GP","在连接到另一个设备前必须先登录Google Play"
"TID_LINK_DEVICE_ERR_SIGN_GC","在连接到另一个设备前必须先登录GameCenter"
"TID_SETTINGS_FULLSCREEN","全屏显示"
"TID_SETTINGS_DLG_CREDITS","开发人员"
"TID_CREDITS_SCREEN_SPECIAL_THANKS","特别鸣谢"
"TID_CREDITS_SCREEN_DESIGN_SECTION","用户界面与品牌设计"
"TID_CREDITS_SCREEN_FOOTER","(c) 2016-2020 Parallel Space Inc. 保留所有权利"
"TID_CREDITS_PC_MUSIC","原创音乐创作：\nWinifred Phillips\n\n音乐制作：Winnie Waldron"
"TID_SETTINGS_SUPPORT_EMAIL_HEADER","游戏内客服支持请求"
"TID_SETTINGS_SUPPORT_EMAIL_BODY1","请在这里描述您的问题："
"TID_SETTINGS_SUPPORT_EMAIL_BODY2","请勿删除此行下方的内容"
"TID_SETTINGS_DLG_MUSIC","音乐"
"TID_SETTINGS_DLG_BATTERY_SAVER","省电模式"
"TID_SETTINGS_DLG_LANDSCAPE","横屏模式"
"TID_HIGH_QUALITY_RENDERING","高的画面质量"
"TID_SETTINGS_DLG_SFX","音效"
"TID_SETTINGS_DLG_BTN_PRIVACY","隐私政策"
"TID_SETTINGS_DLG_BTN_TERMS","服务条款"
"TID_SETTINGS_DLG_SIGN_IN_TO_GAMECENTER","启动游戏前先登录GameCenter以保存您的进度并在多个设备上游戏"
"TID_SETTINGS_DLG_SIGN_IN_TO_GOOGLE_PLAY","启动游戏前先登录Google Play Games以保存您的进度并在多个设备上游戏"
"TID_SETTINGS_DLG_ACCOUNT_STATUS_SYNCED","正在保存您的进度"
"TID_SETTINGS_DLG_LANGUAGE","更改语言"
"TID_SETTINGS_QUIT_GAME","退出游戏"
"TID_SETTINGS_DLG_RATE_US","评价Hades' Star"
"TID_LANDSCAPE_WARNING","横屏模式尚处于试验阶段，可能出现问题。只建议如平板电脑类的较大设备使用。"
"TID_LANDSCAPE_CONFIRM","您确定要更改画面方向吗？游戏将需要重启。"
"TID_UNLINK_STEAM","重置游戏进度"
"TID_UNLINK_STEAM_DONE","游戏现在将会关闭。要在全新恒星上开始游戏，请从Steam中重新启动《Hades' Star》。"
"TID_UNLINK_STEAM_PROMPT_1","此过程会抹掉您所有的Steam进度，并在您当前的Steam账户下开始一个新游戏。您将永远无法进入这个游戏。"
"TID_UNLINK_STEAM_PROMPT_2","您将无法将任何资源（包括通过应用内购买得到的资源）转移到新的游戏。"
"TID_UNLINK_STEAM_PROMPT_3","只有您的Steam进度会被重置。如果您有其他与这个游戏相关的平台，您仍然可以从这些平台上访问它。无法在其他平台上重启游戏。更多信息，请参见设置窗口中的“帮助和支持”链接。"
"TID_UNLINK_STEAM_PROMPT_4","这是您的最后确认。如果继续，当前的游戏将会丢失。"
"TID_UNLINK_STEAM_PROMPT_TOGGLE","我了解并希望继续。"
"TID_SETTINGS_SCREEN_RES","分辨率"
"TID_RESOLUTION_DIALOG_TITLE","选择分辨率"
"TID_CURRENT_RESOLUTION","当前分辨率：\n{0} x {1}"
"TID_SETTINGS_DLG_NEWSLETTER","资讯简报"
"TID_LANG_DLG_TITLE","选择语言"
"TID_CHANGE_LANGUAGE_CONFIRM","您确定要更改语言吗？游戏将需要重启。"
"TID_LINK_DEVICE_DLG_TITLE","连接另一个设备"
"TID_LINK_DEVICE_DLG_FIRSTPAGE_DESCR","如果您想从另一台设备上访问自己的账户，请使用这个页面。\n\n您当前正在使用哪台设备？"
"TID_LINK_DEVICE_DLG_FIRSTPAGE_OLD_DEVICE_BUTTON","正在使用旧设备"
"TID_LINK_DEVICE_DLG_FIRSTPAGE_NEW_DEVICE_BUTTON","正在使用新设备"
"TID_LINK_DEVICE_DLG_PLATFORM_SELECTION_PROMPT","您想连接到哪种新设备？"
"TID_LINK_DEVICE_TYPE_IOS","iPhone或iPad"
"TID_LINK_DEVICE_TYPE_ANDROID","安卓设备"
"TID_LINK_DEVICE_TYPE_PC_OR_MAC","PC或Mac"
"TID_LINK_DEVICE_TYPE_OTHER","其他"
"TID_LINK_DEVICE_DLG_INFO_ANDROID","若要在多个安卓设备上游戏，请确保在设置窗口中登录您的Google账户。\n\n在新设备上，登录同一个Google账户。您将被问及是否想切换到其他账户。选择确认以同步您的进度。"
"TID_LINK_DEVICE_DLG_INFO_IOS","若要在多个iOS设备上游戏，请确保先登录您的GameCenter账户。\n\n在新设备上启动游戏之前，先登录同一个GameCenter账户。您将被问及是否想切换到其他账户。选择确认以同步您的进度。"
"TID_LINK_DEVICE_DLG_INFO_STEAM","您可以从运行Steam的任何PC或Mac上访问您的游戏。只需使用您的Steam帐户登录并启动游戏即可。"
"TID_LINK_DEVICE_ENTER_CODE_PAGE_PROMPT","输入连接码："
"TID_LINK_DEVICE_ENTER_CODE_PAGE_HINT","要获得连接码，请前往旧设备的设置窗口，选择连接另一个设备，然后选择“正在使用旧设备”"
"TID_LINK_DEVICE_DLG_VIEW_CODE_PROMPT","不要关闭这个界面。在新设备上，前往连接界面，然后选择“正在使用新设备”选项。\n\n然后输入这个代码："
"TID_LINK_DEVICE_DLG_CODE_EXPIRES","代码有效时限： "
"TID_MSG_DEVICE_LINK_CODE_NOT_FOUND","无法找到连接码，请再试一次"
"TID_MSG_ACCOUNT_ALREADY_LINKED","账户已连接"
"TID_MSG_CANT_LINK_NOT_LOGGEDIN","尚未登录，无法连接"
"TID_MSG_ERROR_GENERATING_CODE","生成连接码出错"
"TID_LINK_DEVICE_DLG_SUBMIT_CODE_BTN","提交"
"TID_LINK_DEVICE_WARNING","您将失去当前的游戏进展（<color>{0}</color>，等级<color>{1}</color>）。\n\n要继续“连接另一个设备”的操作吗？"
"TID_CORP_DIALOG_TITLE","星际集团"
"TID_CORP_TAB_MY_CORP","我的星际集团"
"TID_CORP_TAB_OTHER_CORP","星际集团信息"
"TID_CORP_TAB_SEARCH_CORP","推荐"
"TID_CORP_TAB_SEARCH_NEW","搜索"
"TID_CORP_TAB_CREATE_CORP","创建"
"TID_CORP_CREATE_BUTTON","创建"
"TID_CORP_APPLY_CHANGES_BUTTON","应用"
"TID_HUD_CORP_NAME_TOO_SHORT","星际集团名称过短"
"TID_CORP_NAME_LABEL","名称"
"TID_CORP_DESCR_LABEL","描述"
"TID_CORP_JOIN_TYPE_LABEL","加入类型"
"TID_CORP_REGION_LABEL","地区"
"TID_CORP_MININFLUENCE_LABEL","需要影响力"
"TID_CORP_INFO_MININFLUENCE_VAL","需要影响力：{0}"
"TID_CORP_INFO_WS_WINS","白星胜利：{0}"
"TID_CORP_SELECT_REGION","选择地区"
"TID_RECOMMENDED_CORPS_REGION","地区："
"TID_NO_RECOMMENDED_FOUND","找不到推荐的星际集团。\n\n请尝试更换地区。"
"TID_CORP_TYPE_OPEN","开放加入"
"TID_CORP_TYPE_REQUEST","申请加入"
"TID_CORP_TYPE_CLOSED","封闭型"
"TID_CORP_EMBLEM_LABEL","徽章"
"TID_ALLIANCE_ITEM_MEMBERS_COUNT","{0}位成员"
"TID_ALLIANCE_ITEM_VIEW","查看"
"TID_CORP_DIALOG_EDIT","编辑"
"TID_CORP_DIALOG_LEAVE","离开"
"TID_CORP_LEAVE_WS_WARNING","如果您在参加白星任务时离开了星际集团，那么即便您以后重新加入该集团，也可能会失去白星奖励。要继续吗？"
"TID_CORP_DIALOG_JOIN","加入"
"TID_CORP_DIALOG_SEND_MESSAGE","消息"
"TID_CORP_LEAVE_CONFIRM","您确定要离开该星际集团吗？"
"TID_CORP_EDIT_BADGE","编辑"
"TID_CORP_EDIT_BADGE_DONE","应用"
"TID_CORP_EDIT_BADGE_SYMBOL","符号"
"TID_CORP_EDIT_BADGE_SHAPE","形状"
"TID_CORP_EDIT_BADGE_COLOR1","颜色1"
"TID_CORP_EDIT_BADGE_COLOR2","颜色2"
"TID_CORP_SEND_MESSAGE_TITLE","发送消息"
"TID_CORP_SEND_MESSAGE_HINT","输入一条消息，发送给所有星际集团成员："
"TID_CORP_MESSAGE_ERROR_TOO_SHORT","消息过短"
"TID_CORP_MESSAGE_ERROR_TOO_LONG","消息过长"
"TID_CORP_MESSAGE_SENT","消息已发送"
"TID_CORP_SEARCH_NAME_CONTAINS","包含名称"
"TID_CORP_SEARCH_INFLUENCE_RANGE","影响力"
"TID_CORP_SEARCH_MEMBERS_RANGE","成员"
"TID_CORP_SEARCH_RECENT_ACTIVITY","最近活动"
"TID_CORP_BUTTON_SEARCH","搜索"
"TID_CORP_NO_SEARCH_RESULTS_FOUND","找不到搜索结果。"
"TID_CORP_REGION_ANY","任意"
"TID_CORP_LEVEL","等级{0}星际集团"
"TID_INACTIVITY_TOLERANCE","闲置容忍度"
"TID_INACTIVITY_TOLERANCE_NONE","允许任何时长的闲置"
"TID_INACTIVITY_RESET_WARNING","如果您将“闲置容忍度”设定为更严格的值，那么星际集团所有成员的闲置计时器都将重置。您想继续吗？"
"TID_PLAYER_INFO_DLG_TAB_EMPIRE_OVERVIEW","您的帝国"
"TID_SHIP_PLANET_PLAYER_RENAME_BUTTON","重命名"
"TID_PLAYER_INFO_XP_TITLE","经验等级"
"TID_PLAYER_INFO_XP_DESCR","经验等级表示一位玩家在宇宙中的整体进度。运送货物并升级星球可提高经验等级。"
"TID_PLAYER_INFO_INFLUENCE_TITLE","影响力"
"TID_PLAYER_INFO_INFLUENCE_DESCR","影响力代表着玩家的行动能力。参加红巨星任务可赢得（或失去）影响力。"
"TID_PLAYER_INFO_DLG_TAB_ACHIEVEMENTS","成就"
"TID_PLAYER_INFO_CORP_NONE","无"
"TID_PLAYER_INFO_CORP_VIEW","查看"
"TID_PLAYER_INFO_DLG_CREDIT_INCOME","星币收支"
"TID_PLAYER_INFO_DLG_HYDRO_INCOME","氢气收支"
"TID_ACHIEVEMENT_COMPLETE","已完成该成就"
"TID_PLAYER_INFO_SECTION_BADGES","头衔"
"TID_ACHIEVEMENT_CLAIM_REWARD","获取"
"TID_ACHIEVEMENT_REWARD_LABEL","奖励："
"TID_ACHIEVEMENT_REWARD_XP_LABEL","经验："
"TID_MODULE_BLUEPRINTS_LIST_CATEGORY_WEAPONS","武器"
"TID_MODULE_BLUEPRINTS_LIST_CATEGORY_SHIELDS","护盾"
"TID_MODULE_BLUEPRINTS_LIST_CATEGORY_TRADE","交易"
"TID_MODULE_BLUEPRINTS_LIST_CATEGORY_MINING","采矿"
"TID_MODULE_BLUEPRINTS_LIST_CATEGORY_SUPPORT","支持"
"TID_MODULE_BLUEPRINT_POPUP_MAX_LEVEL","最大等级：{0}"
"TID_MODULE_CANT_UPGRADE_NOT_ENOUGH_BLUEPRINTS","您需要收集更多蓝图才能增加该模组最大等级"
"TID_MODULE_BLUEPRINTS_TITLE","模组已解锁：<color>{0}/{1}</color>"
"TID_MODULE_BLUEPRINTS_LOCKED_MODULE_INFO","研究更多的{0}即有机会发现该模组"
"TID_MODULE_BLUEPRINTS_DLG_TITLE","模组蓝图"
"TID_MODULE_BLUEPRINTS_INFO","该界面显示了可用的模组。\n\n要发现新模组或升级已有模组，您需要研究从红巨星获得的神器以找到蓝图。\n\n您必须先研究新发现的模组才能将其安装在船舰上。"
"TID_MODULE_DETAILS_UPGRADE_PROGRESS","下一次升级的蓝图进度："
"TID_MODULE_UPGRADE_IN_PROGRESS","正在升级"
"TID_MODULE_UPGRADE_FINISH_NOW","立刻完成"
"TID_MODULE_FULLY_UPGRADED","该模组已完全升级"
"TID_MODULE_UPGRADE_NEEDS_BLUEPRINTS","您必须收集{0}份蓝图才能升级该模组"
"TID_MODULE_SPEED_UP_CONFIRM","您想立刻完成升级吗？"
"TID_MODULE_CANT_UPGRADE_OTHER_IN_PROGRESS","不能在另一个升级进行时升级其他模组"
"TID_MODULE_LEVEL_0_DESCR","解锁"
"TID_ACHIEVEMENT_LIST_VIEW_ON_GOOGLE_PLAY","在Google Play上查看"
"TID_PLAYER_INFO_STAR_FRAGMENTS_TITLE","恒星碎片"
"TID_PLAYER_INFO_STAR_FRAGMENTS_DESCR","参加蓝星任务可赢得恒星碎片。您获得的恒星碎片越多，在每月蓝星排行榜上的排名就越高，并在每个蓝星赛季结束时100%获取水晶奖励。"
"TID_PLAYER_INFO_WS_POINTS_TITLE","白星点数"
"TID_PLAYER_INFO_WS_POINTS_DESCR","在白星任务中做出贡献，就能赚取白星点数。您获得的白星点数越多，在每月白星排行榜上的排名就越高，此外每个白星赛季结束时，保证能获取水晶奖励。"
"TID_OTHER_PLAYER_INFO_PAGE_TITLE","玩家档案"
"TID_OTHER_PLAYER_INFO_PAGE_STAR_SECTION","恒星"
"TID_OTHER_PLAYER_INFO_PAGE_CORP_SECTION","星际集团"
"TID_OTHER_PLAYER_INFO_PAGE_ACHIEVEMENTS_SECTION","成就"
"TID_OTHER_PLAYER_INFO_VISIT_STAR_BUTTON","访问"
"TID_OTHER_PLAYER_INFO_INVITE","邀请"
"TID_OTHER_PLAYER_DIPLOMACY_SECTION","外交"
"TID_OTHER_PLAYER_DIPLOMACY_REQUEST_BTN","请求建立外交关系"
"TID_OTHER_PLAYER_DIPLOMACY_CANNOT_LINK_NO_BUILDING","您需要一处空闲的太空外交站才能发送请求"
"TID_PRODUCTION_DLG_TITLE","生产"
"TID_PRODUCTION_DLG_SHIPS","船舰"
"TID_PRODUCTION_DLG_STATIONS","太空站"
"TID_PRODUCTION_BUILDING_LOCKED","您必须先将自己的一颗星球升至等级{0}，才能建设该太空站。"
"TID_PRODUCTION_SPEED_UP_CONFIRM","立刻完成生产？"
"TID_PRODUCTION_SHIPS_BUILT","建造"
"TID_PRODUCTION_STATIONS_BUILT","建造"
"TID_PRODUCTION_DLG_FLEET_CAPACITY","船舰上限"
"TID_PRODUCTION_DLG_FINISH_SHIP_NOW","立刻完成"
"TID_PRODUCTION_DLG_UPGRADE_SHIP","升级船舰模板"
"TID_UPGRADE_TRANSPORT_DESIGN","要永久升级运输舰至\n等级{0}吗？"
"TID_UPGRADE_MINER_DESIGN","要永久升级采矿舰至\n等级{0}吗？"
"TID_UPGRADE_BS_DESIGN","要永久升级战斗舰至\n等级{0}吗？"
"TID_MSG_SHIP_DESIGN_UPGRADE_COMPLETE","船舰模板已升级"
"TID_STAT_SHIP_DESIGN_BUILD_COST","生产成本"
"TID_STAT_SHIP_DESIGN_BUILD_COST_DESCR","生产新的此类船舰所要花费的星币。"
"TID_FINISH_SHIP_UPG_CONFIRM","立刻完成船舰模板升级吗？"
"TID_CANNOT_UPGRADE_SHIP_OTHER_IN_PROGRESS","已有升级在进行中，不能开始新的升级"
"TID_STARTER_PACK_ACTIVE","新手包折扣已激活（-{0}%）"
"TID_TRADE_DLG_TITLE","货物"
"TID_TRADE_DLG_TITLE_REDSTAR","神器"
"TID_TRADE_DLG_ARTIFACTS_TITLE","星球上的神器"
"TID_TRADE_DLG_NO_TRANSPORT_IN_ORBIT","轨道上无运输舰。"
"TID_TRADE_DLG_BRING_TRANSPORT","您必须将一艘运输舰移动至星球表面才能装载货物。"
"TID_TRADE_DLG_NOT_ENOUGH_CAPACITY","容量不足，不能装载这批货物。"
"TID_TRADE_DLG_CONFIRM_REFRESH","立刻向此星球添加更多货物？"
"TID_TRADE_DLG_ITEM_WEIGHT","{0}吨"
"TID_TRADE_DLG_ITEM_WEIGHT_1","1吨"
"TID_TRADE_DLG_ITEM_DISTANCE","距离{0}天文单位"
"TID_TRADE_DLG_CANNOT_PICK_SHIPMENTS","在与货物拥有者建立外交关系之前，您不能装载这里的货物。"
"TID_TRADE_DLG_MORE_SHIPMENTS_PROMPT","更多货物出现时间："
"TID_TRADE_DLG_ADD_MORE_NOW","添加更多"
"TID_NO_SHIPMENTS_INFO","当前无可用货物。新的货物会随时间流逝逐渐出现。\n\n升级星球也可增加此星球和其所有卫星的货物量。"
"TID_NO_SHIPMENTS_RED_STAR","无可用神器。"
"TID_MUST_WAIT_UNTIL_ARTIFACT_LOADS","您必须等待上一个神器装载完毕"
"TID_TRADE_DLG_OTHER_PLAYER_SHIPMENTS_TITLE","外交系统中货物"
"TID_TRADE_DLG_OTHER_PLAYER_SHIPMENTS_HINT","这些货物来自另一个玩家的哨站。您可从任何运送的货物中获得一小笔佣金，而货物拥有者会收到全额奖励。"
"TID_TRADE_DLG_SHIPMENT_COLUMN","货物"
"TID_TRADE_DLG_DESTINATION_COLUMN","目的地"
"TID_TRADE_DLG_DISTANCE_COLUMN","距离"
"TID_TRADE_DLG_REWARD_COLUMN","奖励"
"TID_TRADE_DLG_COMISSION_COLUMN","佣金"
"TID_STORING_ARTIFACT_WARNING","储存有至少一个神器的哨站不会生成新货物"
"TID_CAPACITY_FULL_WARNING","货物已满。装载一部分以继续生成新的货物。"
"TID_LOADALL_TOOLTIP","尽可能多地装载货物，用尽运输舰的容量。货物将按照上方排序表的顺序装载。"
"TID_UNLOADALL_TOOLTIP","卸载运输舰上的所有货物"
"TID_ARTIFACT_QUEUED","排队中"
"TID_RESEARCH_DLG_TITLE","研究"
"TID_RESEARCH_DLG_HINT","您在任务中找到的神器将被储存在这里，并自动进行研究，每次研究一个。\n\n神器越罕见，奖励就越高、越独特。"
"TID_RESEARCH_ITEM_START_RESEARCH","开始研究"
"TID_RESEARCH_ITEM_VIEW_RESULTS","查看成果"
"TID_RESEARCH_ITEM_RUSH","立刻完成"
"TID_RESEARCH_ITEM_RUSH_CONFIRM","立刻完成该神器的研究吗？"
"TID_RESEARCH_REWARDS_LABEL_XP","获得经验："
"TID_RESEARCH_REWARDS_LABEL_CREDITS","获得星币："
"TID_RESEARCH_REWARDS_LABEL_FUEL","获得氢气："
"TID_RESEARCH_REWARDS_LABEL_MODULE_UNLOCKED","有新模组可研究！"
"TID_RESEARCH_REWARDS_LABEL_MODULE_BLUEPRINTS","获得模组蓝图："
"TID_RESEARCH_ITEM_SALVAGE","分解"
"TID_RESEARCH_ITEM_SALVAGE_CONFIRM","您想要分解该神器，获取较少量星币和氢气吗？"
"TID_SALVAGE_DOCKED_SHIP_ARTIFACTS_BUTTON","分解泊靠船舰上所有的神器"
"TID_SALVAGE_SHIP_ARTIFACTS_CONFIRM","您确定要分解泊靠船舰上搭载的所有神器吗？您将获得下列资源：\n\n<quad class=''cr''><c1>{0}</color><quad class=''fuel''><c2>{1}</color>"
"TID_TECH_DLG_TITLE","科技"
"TID_MODULE_DETAILS_LOCKED_LABEL","锁定"
"TID_MODULE_DETAILS_UNLOCK_BUTTON","解锁"
"TID_BUY_ARTIFACT_DLG_TITLE","购买神器"
"TID_BUY_ARTIFACT_DLG_HINT","选择一个神器加入您太空研究站的空栏位之中"
"TID_BUY_ARTIFACT_YIELD_BONUS","在此购买的神器在研究完成后，会产出{0}%的额外奖励。"
"TID_BUY_ARTIFACT_DLG_DESCR_ORB","研究将生成总计<color>{0}</color>张武器或护盾模组蓝图"
"TID_BUY_ARTIFACT_CONFIRM","立刻购买该神器吗？"
"TID_BUY_ARTIFACT_DLG_DESCR_BLUECRYSTAL","研究将生成总计<color>{0}</color>张贸易或采矿模组蓝图"
"TID_BUY_ARTIFACT_DLG_DESCR_TETRAHEDRON","研究将生成总计<color>{0}</color>张支持模组蓝图"
"TID_BUY_ARTIFACT_FAILED_NO_FREE_SLOTS","没有可用栏位，不能购买神器"
"TID_BUY_ARTIFACT_FAILED_RS_LEVEL","需要等级{0}的红巨星扫描仪才能购买该神器 "
"TID_SHIP_UPGRADE_DLG_TITLE","模组"
"TID_SHIP_UPGRADE_DLG_MODULE_INSTALL_BTN","安装"
"TID_SHIP_UPGRADE_DLG_MODULE_UPGRADE_BTN","升级"
"TID_SHIP_UPGRADE_DLG_CANT_UPGRADE_WHILE_MOVING","等待船舰停止移动后再开始升级。"
"TID_SHIP_UPGRADE_CANT_INSTALL_SAME_MODULE_TWICE","无法再次安装同一个模组"
"TID_MODULE_ONLY_FOR_BS","该模组只能安装在战斗舰上。"
"TID_SHIP_UPGRADE_MODULE_ALREADY_INSTALLED","模组已经安装"
"TID_SHIP_UPGRADE_DLG_FINISH_NOW_BUTTON","立刻完成"
"TID_SHIP_UPGRADE_EFFECT_JOB_PAYOUT_INCREASE","货物额外奖励"
"TID_SHIP_UPGRADE_EFFECT_TRADE_SLOTS","额外栏位"
"TID_MODULE_MINERAL_STORAGE_STAT","额外储量"
"TID_MODULE_MINING_SPEED_STAT","采矿速度"
"TID_MODULE_COOLDOWN_STAT","冷却"
"TID_MODULE_AOE_STAT","区域性伤害"
"TID_MODULE_REPAIR_STAT","船体强度恢复"
"TID_MODULE_TIME_WARP_STAT","时间因素"
"TID_MODULE_RED_STAR_EXTENSION_STAT","寿命延长"
"TID_MODULE_INSTALL_PRICE_STAT","安装价格"
"TID_MODULE_MAX_TARGETS","最大目标"
"TID_SHIP_UPGRADE_EFFECT_BONUS_REWARD","额外奖励"
"TID_SHIP_UPGRADE_EFFECT_SPEED_INCREASE","航行速度"
"TID_SHIP_UPGRADE_EFFECT_FUEL_INCREASE","额外氢气使用"
"TID_MODULE_DESCR_ACTIVATION_COST","激活成本"
"TID_MODULE_DESCR_DPS","每秒伤害"
"TID_MODULE_DESCR_DPS_PER_HR","每小时伤害"
"TID_MODULE_DESCR_DPADT","额外伤害"
"TID_MODULE_DESCR_DPADT_VALUE","+{0}/敌人"
"TID_MODULE_DESCR_MAX_DPS","最大每秒伤害"
"TID_MODULE_DESCR_TARGET_SWITCH_DELAY","目标切换延迟"
"TID_MODULE_DESCR_MAX_DPS_HR","最大每小时伤害"
"TID_MODULE_DESCR_MAX_DPS_TIME","最大伤害用时"
"TID_MODULE_SALVAGE_HULL_DESCR","每摧毁船舰获得维修"
"TID_MODULE_DESCR_UNITY","每额外玩家伤害增加"
"TID_MODULE_UNITY_MAX_INCREASE","最大伤害增加"
"TID_MODULE_DESCR_UNITY_MINER","每额外玩家速度提高"
"TID_MODULE_SPEED_INCR_ACTIVATION","速度提高"
"TID_MODULE_DAMAGE_REDUCTION_PCT","伤害减免"
"TID_MODULE_SHIELD_STRENGTH_STAT","护盾强度"
"TID_MODULE_MIRROR_DAMAGE_STAT","伤害反射"
"TID_MODULE_ATTACK_RANGE_DESCR","攻击距离"
"TID_MODULE_EFFECT_RANGE_DESCR","效果范围"
"TID_MODULE_EFFECT_DURATION_DESCR","效果时长"
"TID_MODULE_HYDRO_UPLOAD_PERCENT","上传百分比"
"TID_MODULE_TRADEBURST_THRESHOLD","阈值"
"TID_MODULE_TRADEBURST_BONUS","额外奖励"
"TID_MODULE_BONUS_PER_SHIPMENT","每个额外货物奖励"
"TID_MODULE_SHIPMENTBEAM_MAX_SHIPMENTS","最大货物量"
"TID_SHIP_MODULE_TITLE","{0} 等级{1}"
"TID_SHIP_MODULE_SLOT_TYPE_0","交易"
"TID_SHIP_MODULE_SLOT_TYPE_1","采矿"
"TID_SHIP_MODULE_SLOT_TYPE_2","支持"
"TID_SHIP_MODULE_SLOT_TYPE_3","武器"
"TID_SHIP_MODULE_SLOT_TYPE_4","护盾"
"TID_SHIP_UPGRADE_DLG_MODULE_INSTALLING","正在建造"
"TID_SHIP_UPGRADE_DLG_MODULE_UPGRADE_LABEL","升级"
"TID_SHIP_UPGRADE_DLG_MODULE_REPLACE_LABEL","替换"
"TID_SHIP_UPGRADE_DLG_MODULE_NOT_INSTALLED","空模组栏"
"TID_SHIP_UPGRADE_DLG_INSTALL_NEW_MODULE","安装新模组"
"TID_ADD_MODULE_DLG_TITLE","安装模组"
"TID_ADD_MODULE_DLG_PROMPT","选择模组安装至该栏"
"TID_UNINSTALL_MODULE_LABEL","卸载"
"TID_UNINSTALL_MODULE_CONFIRM","您确定要卸载此栏位中的模组吗？"
"TID_ADD_MODULE_DLG_ALREADY_INSTALLED","已安装"
"TID_SHIP_UPGRADE_DLG_XP_EXPLANATION_XP","经验：{0}/{1}"
"TID_MODULE_LEVEL_INDICATOR","等级{0}"
"TID_SHIP_UPGRADE_DLG_SUPPORTED_MODULE_TYPES_LABEL","支持模组类型："
"TID_SHIP_UPGRADE_DLG_XP_EXPLANATION_TRANSPORT","这种船舰靠运送货物和神器赚取经验。\n\n填满经验条以升至下个等级，解锁一个新模组栏位。"
"TID_SHIP_UPGRADE_DLG_XP_EXPLANATION_MINER","这种船舰靠采集和运送氢气赚取经验。\n\n填满经验条以升至下个等级，解锁一个新模组栏位。"
"TID_SHIP_UPGRADE_DLG_XP_EXPLANATION_BATTLESHIP","这种船舰靠伤害其他船舰赚取经验。\n\n填满经验条以升至下个等级，解锁一个新模组栏位。"
"TID_SHIP_UPGRADE_DLG_UPGRADE_SLOT_LEVEL_PROMPT","添加栏位"
"TID_SHIP_UPGRADE_DLG_MAX_SLOT_LEVEL","该舰已达最高等级"
"TID_SHIP_UPGRADE_DLG_MAX_MODULE_LEVEL","该模组已达最高等级"
"TID_SHIP_UPGRADE_DLG_CANNOT_UPGRADE_MODULE_LEVEL_LOCKED","命令失败：错误模组等级"
"TID_MODULE_TYPE","类型"
"TID_MODULE_TYPE_PASSIVE","被动"
"TID_MODULE_TYPE_ACTIVATED","主动"
"TID_MODULE_SHIELD_REGEN_DELAY","再生延迟"
"TID_MODULE_SHIELD_FULL_REGEN_TIME","完全再生时间"
"TID_MODULE_MASS_BATTERY","大型火炮"
"TID_MODULE_MASS_BATTERY_DESCR","同时向射程内多个敌人开火。"
"TID_MODULE_DUAL_LASER","双重激光"
"TID_MODULE_DUAL_LASER_DESCR","向射程内最多两个敌人发射激光束。如果两个光束都被激活，伤害会随时间大量增加。"
"TID_INFO_NO_MODULES_AVAILABLE_TO_INSTALL","研究更多神器以解锁可安装至该栏位的模组。"
"TID_INFO_MODULES_AVAILABLE_BUT_LOCKED","您可以在科技窗口解锁模组，安装至此栏位。"
"TID_INFO_MODULES_OPEN_TECH_WINDOW","<a name=''tech''>打开科技窗口</a>"
"TID_MODULE_LEAP_DISABLE_STAT","瘫痪时间"
"TID_MODULE_CRUNCH_MAX_AMOUNT","最大数量"
"TID_MODULE_TRIGGER_TIME","触发时间"
"TID_MODULE_PROJECTILE_DAMAGE","爆炸伤害"
"TID_MODULE_PROJECTILE_DAMAGERANGE","爆炸范围"
"TID_MODULE_SECONDARY_DAMAGE","压制伤害"
"TID_MODULE_SECONDARY_RANGE","压制伤害范围"
"TID_MODULE_ENRICH_INCREASE","氢气增加"
"TID_MODULE_ENRICH_MAX_CAPACITY_PER_ASTEROID","最大富集量"
"TID_MODULE_RUSH_SPEED_INCR","速度提高"
"TID_MODULE_RUSH_SPEED_INCR_VAL_PER_SHIPMENT","+{0}%/货物"
"TID_MODULE_GENESIS_MAX_ASTEROIDS","最大新小行星"
"TID_MODULE_GENESIS_MAX_HYDRO","最多新氢气"
"TID_OFFLOAD_MODULE_PAYOFF","奖励"
"TID_DESTINY_DISABLE_DURATION","瘫痪时间"
"TID_MODULE_ACTIVATION_PREP_TIME","启动延迟"
"TID_MODULE_SECTOR_COOLDOWN","星区冷却"
"TID_MODULE_HULL_THRESHOLD_STAT","船体强度阈值"
"TID_DISPATCH_PREP_TIME","每件物品的准备时间"
"TID_REQUIRED_HYDROGEN","需要氢气"
"TID_JUMP_DLG_TITLE","确认星际跳跃"
"TID_JUMP_DLG_INFO_SINGLE","让选定船舰跳跃至已链接的恒星系统？"
"TID_JUMP_DLG_INFO_ALL","让{0}艘泊靠船舰跳跃至已链接的恒星系统？"
"TID_JUMP_FLAGSHIP","要命令旗舰进行星际跳跃，离开此白星吗？"
"TID_JUMP_DLG_JUMP_ALL","跳跃所有泊靠舰"
"TID_JUMP_DLG_FOLLOW_PROMPT","跟随至目标恒星"
"TID_JUMP_TRADE_ITEMS_LOST_CONFIRM","船舰搭载的所有货物都会在跳跃中失去。您确定要进行星际跳跃吗？"
"TID_MISSIONS_ITEM_SEARCH_BUTTON","开始扫描"
"TID_MISSIONS_ITEM_SEARCH_NOW_BUTTON","立刻扫描"
"TID_MISSIONS_ITEM_VIEWSTAR_BUTTON","访问"
"TID_MISSIONS_ITEM_STATUS_AVAILABLE","可用"
"TID_MISSIONS_DLG_RED_STAR_DETECTED","侦测到恒星"
"TID_MISSIONS_DLG_RED_STAR_SUPERNOVA_TIMER","{0}后超新星爆炸"
"TID_MISSIONS_DLG_MISSION_HINT","您可以通过该太空站向已侦测到的红巨星派遣船舰，获取神器。\n\n要当心：您会永远失去未在超新星爆炸之前及时撤离的船舰。"
"TID_MISSIONS_ITEM_STATUS_SEARCHING_FOR_RED_STAR","正在扫描红巨星\n（等级{0}）"
"TID_MISSIONS_DLG_ABANDON_STAR","放弃"
"TID_MISSIONS_DLG_ABANDON_STAR_CONFIRM","您确定要放弃该恒星吗？您将永远无法访问它。"
"TID_MISSIONS_DLG_ABANDON_FAIL","您在这颗恒星上还有船舰。在您的船舰返回母星之前，您不能放弃它。"
"TID_MISSIONS_DLG_NEW_SCAN_TIME","扫描仪正在冷却。新扫描可用时间："
"TID_MISSIONS_DLG_SCANNER_READY","扫描准备就绪"
"TID_MISSIONS_DLG_RED_STAR_LEVEL_PROMPT","恒星等级："
"TID_MISSIONS_DLG_RED_STAR_SEARCH_TYPE","搜索类型："
"TID_MISSIONS_DLG_RED_STAR_SEARCH_TYPE_PUBLIC","公共"
"TID_MISSIONS_DLG_RED_STAR_SEARCH_TYPE_PUBLIC_DESCR","任何人可加入该红巨星。"
"TID_MISSIONS_DLG_RED_STAR_SEARCH_TYPE_PRIVATE","私人"
"TID_MISSIONS_DLG_RED_STAR_SEARCH_TYPE_PRIVATE_DESCR","只有星际集团成员可加入该红巨星。扫描将被发布至星际集团聊天页。"
"TID_MISSIONS_DLG_JOIN_CORP_PROMPT","<a name=''__joincorp''>加入一个星际集团</a>以解锁私人红巨星。"
"TID_MISSIONS_DLG_MAX_SEARCH_TIME","最大剩余时间： "
"TID_MISSIONS_DIALOG_SEARCH_HINT","该扫描仪能让您找到遥远的红巨星。红巨星寿命很短，拥有可研究的珍贵神器，但经常有冥犬舰队护卫。"
"TID_MISSIONS_DIALOG_SEARCH_NO_INLUENCE","您不能从该等级红巨星获得更多影响力。"
"TID_MISSIONS_DIALOG_SEARCH_NO_INLUENCE_UPGRADE","您不能从该等级红巨星获得更多影响力。升级扫描仪以找到更高等级的红巨星，获得更多影响力。"
"TID_MISSIONS_DIALOG_SEARCH_INFLUENCE_INFO","摧毁足够的冥犬船舰并获取红巨星中的神器，以赢得{0}-{1}影响力。"
"TID_MISSIONS_DLG_SEARCHING_HINT_1","每个玩家在红巨星中都会获得自己的神器。您不可窃取其他玩家的神器。要击败冥犬势力，团结合作才是上上之策。"
"TID_MISSIONS_DLG_SEARCHING_HINT_2","红巨星中玩家不能对战。您的战斗舰只会向冥犬舰队开火。"
"TID_MISSIONS_DLG_SEARCHING_HINT_3","升级红巨星扫描仪可找到更高等级的红巨星。更高等级的红巨星中有更好的神器，但守卫的冥犬舰队也更强大。"
"TID_MISSIONS_DLG_SEARCHING_HINT_4","使用聊天窗口与其他玩家协调战略。 "
"TID_MISSIONS_DLG_SEARCHING_HINT_5","虽然获取神器是首要目标，红巨星中也蕴含众多的小行星带。请确保您的采矿舰避开伤害，或用战斗舰保护它们。"
"TID_MISSIONS_DLG_SEARCHING_HINT_6","参加红巨星任务是赢得影响力的好方法，能帮助您和您的星际集团在排行榜上爬升更高。"
"TID_MISSIONS_DLG_SEARCHING_HINT_7","最好在搜索正在进行的时候将部分船舰移至红巨星扫描仪。这样一发现红巨星就可以立即进行跳跃，不必浪费宝贵的时间。"
"TID_MISSIONS_DLG_SEARCHING_HINT_8","要注意您帝国的氢气储量，保证您有足够的氢气，支持您所有的船舰从红巨星中安全返回。"
"TID_MISSIONS_DLG_SEARCHING_HINT_9","将您完好的战斗舰派遣至前线，承受大部分敌人火力，保护身后其他脆弱的船舰。"
"TID_MISSIONS_DLG_SEARCHING_HINT_10","有的模组在附近有其他玩家船舰时效果最好。"
"TID_MISSIONS_DLG_SEARCHING_HINT_11","您一次只能往运输舰上装载一个神器。"
"TID_MISSIONS_DLG_SEARCHING_HINT_12","神器越大，研究时能产生的资源和蓝图就越多。"
"TID_MISSIONS_DLG_SEARCHING_HINT_13","星珠神器中含有武器和护盾模组蓝图，可以用于您的战斗舰。"
"TID_MISSIONS_DLG_SEARCHING_HINT_14","蓝水晶神器中含有的模组蓝图能增加您运输舰和采矿舰的效率。"
"TID_MISSIONS_DLG_SEARCHING_HINT_15","四面体神器中还有强大支持模组的蓝图，能用于战斗舰和高等级运输舰或采矿舰上。"
"TID_MSG_CANNOT_START_RED_STAR_SEARCH_DURING_MAINTENANCE","无法在计划服务器维护期间开始新的红巨星搜索。"
"TID_MISSIONS_DLG_LAST_RESULT_TITLE","上次红巨星行动成果"
"TID_MISSIONS_DLG_LAST_RESULT_DISMISS_BTN","关闭"
"TID_MISSIONS_DLG_LAST_MISSION_DESCR_NOT_PARTICIPATED","您未参加该恒星行动。"
"TID_MISSIONS_DLG_LAST_MISSION_DESCR_WON","基于您在该红巨星中的活动，您的影响力增加了。"
"TID_MISSIONS_DLG_LAST_MISSION_DESCR_LOST","您在该红巨星中的活动不足以赢得影响力。"
"TID_MISSIONS_DLG_VIEW_REPLAY","查看回放"
"TID_MISSIONS_DLG_SHARE_REPLAY","分享回放"
"TID_MISSIONS_DLG_SHARE_REPLAY_CONFIRM","您确定与自己的星际集团分享该回放吗？"
"TID_MISSIONS_DLG_REPLAY_SHARED","您的回放已分享"
"TID_RED_STAR_DIALOG_INFLUENCE_REWARDS","影响力奖励"
"TID_RS_DIALOG_INFLUENCE_REWARDS_TOOLTIP","您每次参加红巨星任务，都可能获得或丧失影响力点数。要赚取影响力点数，请摧毁足够数量的冥犬船舰，并夺取神器，满足恒星图标下方显示的得分阙值要求。"
"TID_RS_INFLUENCE_REWARD_VICTORY","胜利"
"TID_RS_INFLUENCE_REWARD_DEFEAT","失败"
"TID_RS_CURRENT_INFLUENCE","当前影响力"
"TID_RS_INFLUENCE_GAIN_SLOW","您赚取影响力的速度已降低。升级您的红巨星扫描仪，更快地取得进展。"
"TID_BS_SCANNER_BRING_SHIP","派遣一艘战斗舰至此扫描站，激活蓝星扫描。"
"TID_BS_SCANNER_BRING_OR_SELECT_SHIP","派遣一艘战斗舰至此扫描站，或按先前的设计重建战斗舰："
"TID_BS_SCANNER_CONFIRM_REBUILD","要按照之前使用过的设计重建一艘新的战斗舰吗？"
"TID_BS_SCANNING","正在扫描寻找蓝星"
"TID_BS_LAST_RESULTS","最近蓝星任务结果"
"TID_BS_FINAL_POSITIONS","最终排名"
"TID_BS_NO_WINNER","没有赢家"
"TID_BS_BOT_SHIP_NAME","独狼战斗舰"
"TID_BS_SHIP_JUMP_INFO","发现蓝星时，您的船舰会自动进行星际跳跃。"
"TID_BS_CREDIT_REWARD_TITLE","星币奖励"
"TID_BS_CREDIT_REWARD_DISABLED","您的战斗舰上安装了避难圣所，所以没有资格获得星币奖励。\n\n请用其他模组替换避难圣所。这样既能提高您在蓝星中获胜的几率，亦能确保您获得星币奖励，无论结果如何。"
"TID_BS_CREDIT_REWARD_DESCR","星币奖励数量按照派遣至蓝星的战斗舰重建成本的{0}%计算。\n\n即便您的战舰在蓝星不幸损失，也总是可以获得奖励。每{1}的蓝星任务首胜也可获得奖励。"
"TID_BS_CREDIT_REWARD_1ST_ACTIVE","无论下一次蓝星任务结果如何，您都可以获得全额星币奖励。"
"TID_BS_CREDIT_REWARD_1ST_INACTIVE","即便您在下一次蓝星任务中获胜，也不能获得任何星币奖励。即便损失了船舰，您也依旧可以获得奖励。下一个胜利星币奖励将在{0}后可用"
"TID_BS_CANT_SEARCH_MAINTENANCE","距离计划维护过近，无法开始新的蓝星搜索。"
"TID_BS_HYDRO_REWARD_TITLE","氢气奖励"
"TID_BS_HYDRO_REWARD_INFO","氢气奖励的数量取决于您在蓝星任务中的最终排名与您帝国的氢气最大储存空间。每天能赢得的氢气最大量是有上限的。"
"TID_BS_HYDRO_REWARD_PROGRESS","您今天赢得了{0}/{1}单位的氢气。"
"TID_BS_HYDRO_REWARD_FULL","{0}后可再次于蓝星任务中赢取氢气奖励。"
"TID_BS_FRAGMENTS_REWARD_TITLE","蓝星碎片"
"TID_BS_FRAGMENTS_REWARD_DESCR","根据您的最终排名，每次蓝星任务都会提供蓝星碎片。收集碎片，为货物中继站供能，冲击每月蓝星排行榜排名，并在每个蓝星赛季结束时100%获取水晶奖励。\n\n详细信息请<a name=''__bsldb''>查看蓝星排行榜</a>。"
"TID_BS_SEASON_AWARD","蓝星活动赛季已结束！您赢得了{0}以上的蓝星碎片，获得了<quad class=''pc''><c3>{1}</color>"
"TID_WS_SEASON_AWARD","白星活动赛季已结束！您的得分超过了{0}，赢得奖励<quad class=''pc''><c3>{1}</color>"
"TID_BS_SEASON_TOP_AWARD","蓝星活动赛季已结束！您在排行榜上荣登第{0}位，获得了<quad class=''pc''><c3>{1}</color>"
"TID_WS_SEASON_TOP_AWARD","白星活动赛季已结束！您在排行榜上荣登第{0}位，获得了<quad class=''pc''><c3>{1}</color>"
"TID_BS_FINAL_STANDING","最终排名："
"TID_BS_REWARDS_RECEIVED","获得奖励"
"TID_BS_PARTICIPATING_SHIP","参与船舰"
"TID_BS_REWARDS_OVERFLOW","由于存储空间不足，部分奖励可能会丢失。在开始搜索蓝星前，请务必确保您有足够的星币和氢气存储空间。"
"TID_BS_SEARCHING_HINT_1","蓝星是一种在不断地坍缩的星系。请待在恒星中心附近的安全区域内。不慎落入坍缩危险区的船舰将会被瞬间摧毁。"
"TID_BS_SEARCHING_HINT_2","除非万不得已，请勿贸然进入存在蓝星的中心星区。处于蓝星星区内的船舰会持续受到蓝星的伤害。"
"TID_BS_SEARCHING_HINT_3","存活时间最长的战斗舰即为蓝星任务赢家。如果最后的若干艘战斗舰被同时摧毁，那么比赛以平局结束，没有赢家。"
"TID_BS_SEARCHING_HINT_4","要想赢得蓝星任务，安装适当的战斗舰模组是关键。请查看回放，分析其他玩家的战略，大胆尝试新的模组。"
"TID_BS_SEARCHING_HINT_5","蓝星任务的目标是比其他战斗舰的存活时间更长。请避免与冥犬船舰交火，或者利用冥犬船舰对付其他玩家。"
"TID_RELAY_HUD_SELECT_SECTOR","选择一个星区激活货运中继站"
"TID_OBJECT_ACTION_RELAY_STATUS","货运中继状态"
"TID_RELAY_DLG_COLLECT_MORE_FRAGMENTS","要在新的星区中激活货运中继站，请参加蓝星任务，收集更多的恒星碎片。"
"TID_ERR_SECTOR_ALREADY_IN_RELAY","该星区已激活货运中继。"
"TID_ERR_SECTOR_NO_SHIPMENTS","该星区无货物产出。"
"TID_ACTIVATE_RELAY","在新星区中激活"
"TID_RELAY_NUM_SHIPMENTS","星区中{0}批货物"
"TID_RELAY_EXPIRE_TIME","剩余时间：{0}"
"TID_RELAY_NEXT_SHIPMENT","下批货物出现时间：{0}"
"TID_PLAYER_DETAILS_VISIT","访问恒星"
"TID_PLAYER_DETAILS_VIEW","玩家详情"
"TID_PLAYER_DETAILS_VIEWCORP","查看星际集团"
"TID_PLAYER_DETAILS_INVITE","邀请"
"TID_PLAYER_DETAILS_INVITE_SENT","您已邀请了该玩家加入您的星际集团"
"TID_PLAYER_DETAILS_INVITE_FAIL_1","邀请失败，玩家已参加一个星际集团"
"TID_PLAYER_DETAILS_YOUR_PROFILE","您的档案"
"TID_PLAYER_DETAILS_PROMOTE","晋升"
"TID_PLAYER_DETAILS_DEMOTE","降职"
"TID_PLAYER_DETAILS_KICK","移出"
"TID_PLAYER_DETAILS_CONFIRM_KICK","您确定要将{0}移出星际集团吗？"
"TID_PLAYER_DETAILS_PROMOTE_TO_LEADER","您想晋升{0}为新的首席干事吗？您将成为一名干事。"
"TID_PLAYER_DETAILS_PROMOTE_MSG","您晋升了{0}"
"TID_PLAYER_DETAILS_DEMOTE_MSG","您降职了{0}"
"TID_PLAYER_DIPLOMACY_DLG_TITLE","玩家信息"
"TID_PLAYER_DIPLOMACY_DLG_END_DIPLOMACY","终止外交关系"
"TID_PLAYER_DIPLOMACY_STAT_DURATION","外交关系已持续"
"TID_PLAYER_DIPLOMACY_STAT_TOTAL_SHIPMENT","货物总价值"
"TID_PLAYER_DIPLOMACY_DLG_TRADE_INFO","外交关系建立于{0}之前，从该玩家活动中获得总收入：{1}星币"
"TID_PLAYER_DIPLOMACY_DLG_GRAPH_7_DAYS_AGO","7天前"
"TID_PLAYER_DIPLOMACY_DLG_GRAPH_TODAY","今天"
"TID_PLAYER_DIPLOMACY_DLG_GRAPH_TAXES_PER_DAY","历史货物价值"
"TID_ERROR_CANNOT_ACCEPT_DIPLO_REQUEST","无法接受该请求。另一位玩家没有空闲的太空外交站。"
"TID_ASTEROID_FIELD_DESCR","小行星带中含有氢气资源，可使用采矿舰逐渐采集。"
"TID_CR_ASTEROID_FIELD","富足小行星带"
"TID_CR_ASTEROID_FIELD_DESCR","当完全开采后，此特殊小行星带将添加一个星币至拥有者的帝国。富足小行星带十分稀有，且每位玩家每天仅可在红巨星中发现一次。"
"TID_BS_ASTEROID_FIELD_DESCR","小行星带的氢气已耗尽，现在只能作为一处导航路径点。"
"TID_MOON_DESCR","卫星生成的货物可被运送至其他卫星、星球或太空贸易站赚取收益。"
"TID_STAR_OWNER","拥有者"
"TID_STAR_OWNER_DESCR","恒星的拥有者能通过与其他帝国建立外交关系，控制对其的访问权限。"
"TID_STAR_CONDITION","状态"
"TID_STAR_CONDITION_STABLE","稳定"
"TID_STAR_CONDITION_STABLE_DESCR","该恒星在可预见的未来中没有超新星爆炸危险。"
"TID_STAR_CONDITION_SUPERNOVA","即将发生超新星爆炸"
"TID_STAR_CONDITION_SUPERNOVA_TIMER","{0}后超新星爆炸"
"TID_STAR_CONDITION_SUPERNOVA_DESCR","该恒星即将爆炸。未及时撤离的船舰或设施都将被摧毁。"
"TID_STAR_SYSTEM_SIZE_0","小型"
"TID_STAR_SYSTEM_SIZE_1","大型"
"TID_STAR_SYSTEM_SIZE","恒星系统大小"
"TID_STAR_SYSTEM_SIZE_DESCR","恒星系统越大，移动船舰要消耗的时间和氢气就越多"
"TID_SECURITY_RATING","安全级别"
"TID_SECURITY_RATING_0","安全"
"TID_SECURITY_RATING_1","不安全"
"TID_SECURITY_RATING_0_DESCR","该恒星系统中不允许玩家对战"
"TID_SECURITY_RATING_1_DESCR","您的船舰将自动向其他星际集团玩家的船舰开火。"
"TID_SECURITY_RATING_2","不安全"
"TID_SECURITY_RATING_2_DESCR","您的船舰将自动向所有其他玩家的船舰开火。"
"TID_FLEET_HULL_STRENGTH_MAX","最大船体强度"
"TID_FLEET_HULL_STRENGTH_INFO","该船舰当前和最大船体强度。当船体强度点数归零，船舰将被摧毁。"
"TID_FLEET_HULL_STRENGTH_INFO_MAX","决定船舰的最大防御力量。"
"TID_FLEET_HULL_STRENGTH","船体强度"
"TID_FLEET_HEAL_RATE","维修速度"
"TID_FLEET_HEAL_RATE_DESCR","飞船泊靠在一颗星球或母星太空站时，每秒能修复的生命值。"
"TID_FLEET_SHIELD_STRENGTH","护盾强度"
"TID_FLEET_SHIELD_STRENGTH_INFO","护盾为船体提供额外的保护。护盾耗尽后，船舰就会开始受损。"
"TID_DESTROYER_AREADAMAGE","区域性伤害量"
"TID_DESTROYER_AREADAMAGERANGE","区域性伤害范围"
"TID_FLEET_SENTINELS_SPAWNED","哨兵舰生成"
"TID_FLEET_SENTINELS_SPAWNED_DESCR","该船舰被摧毁后会生成的哨兵舰数量"
"TID_FLEET_DPM","每秒伤害"
"TID_FLEET_DPM_INFO","该船舰对目标敌舰每秒造成的伤害"
"TID_ATTACK_RANGE","攻击距离"
"TID_FLEET_SHIPMENT_TITLE","货物"
"TID_FLEET_SHIPMENT_INFO","{0}（{1}）"
"TID_OWNER","由{0}拥有"
"TID_COLONIZED_BY","由{0}殖民"
"TID_CERBERUS_STATION_SPAWN_LABEL","船舰生成"
"TID_CERBERUS_STATION_ATTACK_RANGE","攻击距离"
"TID_CERBERUS_STATION_ATTACK_DAMAGE","每秒伤害"
"TID_CERBERUS_STATION_HULL_LABEL","船体强度"
"TID_CERBERUS_STATION_SHIELD_LABEL","护盾强度"
"TID_CERBERUS_STATION_SHIELD_REGEN_LABEL","护盾再生"
"TID_CERBERUS_STATION_SHIELD_REGEN_DELAY","再生延迟"
"TID_CERBERUS_STATION_SHIELD_REGEN_DELAY_INFO","护盾收到任何损伤后，开始恢复前需要的时间。"
"TID_FLEET_MINERAL_CAPACITY","已用氢气储存空间"
"TID_FLEET_MINERAL_CAPACITY_INFO","若您的氢气储存空间已满，向您的星球遣返船舰以卸载氢气。"
"TID_FLEET_HYDRO_USAGE","氢气用量"
"TID_FLEET_HYDRO_USAGE_VALUE","{0}/100天文单位"
"TID_FLEET_HYDRO_USAGE_DESCR","该船舰航行所用氢气总量（包括已安装的模组）"
"TID_FLEET_JUMP_HYDRO_USAGE","跳跃成本"
"TID_FLEET_JUMP_HYDRO_USAGE_DESCR","该船舰跳跃至另一个系统所用氢气总量"
"TID_FLEET_SLOTS_0","模组栏位（交易）"
"TID_FLEET_SLOTS_0_DESCR","该舰可用于安装交易模组的栏位数"
"TID_FLEET_SLOTS_1","模组栏位（采矿）"
"TID_FLEET_SLOTS_1_DESCR","该舰可用于安装采矿模组的栏位数"
"TID_FLEET_SLOTS_2","模组栏位（支持）"
"TID_FLEET_SLOTS_2_DESCR","该舰可用于安装支持模组的栏位数"
"TID_FLEET_SLOTS_3","模组栏位（武器）"
"TID_FLEET_SLOTS_3_DESCR","该舰可用于安装武器模组的栏位数"
"TID_FLEET_SLOTS_4","模组栏位（护盾）"
"TID_FLEET_SLOTS_4_DESCR","该舰可用于安装护盾模组的栏位数"
"TID_PLANET_LEVEL_DESCR","星球等级"
"TID_PLANET_LEVEL_INFO","星球等级越高，生成货物越多，资源储量越大"
"TID_FLEET_SPEED","速度"
"TID_SPEED_DIST_PER_MINUTE","{0}天文单位/{1}"
"TID_SHIPYARD_CAPACITY","船舰上限"
"TID_SHIPYARD_CAPACITY_DESCR","您的帝国可支持的船舰数量。"
"TID_BUILDING_LEVEL_DESCR","太空站等级"
"TID_DISBAND_SHIP_BUTTON","解散"
"TID_UPGRADE_BUTTON","升级"
"TID_INFO_VALUE_PER_HR","{0}/时"
"TID_INFO_VALUE_PER_SEC","{0}/秒"
"TID_INFO_VALUE_PER_DAY","{0}/天"
"TID_INSTALLED_MODULES_AREA_TITLE","已安装模组："
"TID_SECTOR_UNLOCK_PRICE","扫描价格"
"TID_SECTOR_UNLOCK_TIME","扫描时间"
"TID_UNEXPLORED_SECTOR","未探索星区"
"TID_UNEXPLORED_SECTOR_DESCR","一片未知的太空区域。在相邻星区建造一架短距扫描仪开始探索。"
"TID_SECTOR_DISPLAY_NAME","星区{0}"
"TID_ASTERID_FIELD_HYDROGEN_REMAINING","该小行星上存在氢气"
"TID_ASTERID_FIELD_CREDIT_REWARD","储存的星币"
"TID_TOTAL_HYDRO_IN_SECTOR","星区中氢气总量"
"TID_STATION_UPG_SHIPMENT_YIELD","货物价值"
"TID_STATION_UPG_SHIPMENT_YIELD_DESCR","该太空站货物生成的星币奖励总量，按每小时调整。"
"TID_NUM_SHIPMENTS_PER_HR","每小时货量"
"TID_NUM_SHIPMENTS_PER_HR_DESCR","每个小时刷新周期中该星球生成的平均货物数量。"
"TID_NUM_SHIPMENTS_MAX","最大货物量"
"TID_NUM_SHIPMENTS_MAX_DESCR","该星球可储存的最大货物量。"
"TID_SHIP_EDIT_MODULES","安装模组"
"TID_REDSCANNER_MAX_BATTLESHIPS","战斗舰限制"
"TID_REDSCANNER_MAX_BATTLESHIPS_HINT","可通过扫描仪向最高等级红巨星派遣的战斗舰最大数量。其他种类的船舰没有限制。"
"TID_REDSCANNER_MAX_STAR_LEVEL","最大红巨星等级"
"TID_REDSCANNER_MAX_STAR_LEVEL_HINT","红巨星等级越高，神器质量越好，冥犬舰队就越强大。"
"TID_REDSCANNER_MAX_INFLUENCE","最大影响力"
"TID_REDSCANNER_MAX_INFLUENCE_DESCR","该扫描仪的拥有者可通过完成红巨星任务，获得最大数量的影响力。红巨星须为该扫描仪能搜索到的最高等级。"
"TID_REDSCANNER_CREDITS_PER_DAY","富足小行星总量"
"TID_REDSCANNER_CREDITS_PER_DAY_DESCR","此扫描仪允许的最高等级红巨星上开采的富足小行星，每天可以获得的星币总量。"
"TID_REDSCANNER_OPTIMAL_INFLUENCE","最优影响力"
"TID_REDSCANNER_OPTIMAL_INFLUENCE_DESCR","如果在等级最高的红巨星中取得成功，且玩家的影响力低于该值，那么该扫描仪能产生最高的影响力奖励。"
"TID_TRANSPORT_CAPACITY","基础货物栏位"
"TID_TRANSPORT_CAPACITY_DESCR","可用于装载货物及神器的栏位数量。可能会受到额外模组影响"
"TID_TRANSPORT_CAPACITY_TOTAL","货物栏位总量"
"TID_TRANSPORT_CAPACITY_TOTAL_DESCR","可用于装载货物及神器的栏位数量，包括模组提供的额外栏位"
"TID_HYDRO_CAPACITY","基础氢气容量"
"TID_HYDRO_CAPACITY_DESCR","采集到的氢气的可用储存空间。可能会受到额外模组影响"
"TID_HYDRO_CAPACITY_TOTAL","氢气总容量"
"TID_HYDRO_CAPACITY_TOTAL_DESCR","采集到的氢气的可用储存空间总量，包括模组提供的额外容量。"
"TID_MINER_MINE_SPEED","采矿速度"
"TID_MINER_MINE_SPEED_VALUE","{0}/分"
"TID_MINER_MINE_SPEED_DESCR","该采矿舰的基础采集速度。安装新模组可影响该基础值。"
"TID_MINER_AUTO_SECTORS","采矿星区"
"TID_MINER_AUTO_SECTORS_DESCR","采矿舰在需要新命令之前自动进行采集的星区数量。"
"TID_DRONE_LIFETIME","寿命"
"TID_DRONE_LIFETIME_DESCR","无人舰寿命有限。时间耗尽后，无人舰将被摧毁。"
"TID_TIME_MODULATOR_SPEEDUP_FACTOR","加速因素"
"TID_TIME_MODULATOR_SPEEDUP_FACTOR_DESCR","时间调制器加快时间流逝的速率。"
"TID_TIME_MODULATOR_MAX_TIME","最大时长"
"TID_TIME_MODULATOR_MAX_TIME_DESCR","时间调制器在需要充能之前能保持激活的最大时长。"
"TID_TIME_MODULATOR_REGEN","每日充能"
"TID_TIME_MODULATOR_REGEN_DESCR","时间调制器每天能获得的可激活时间。"
"TID_FINISH_REPAIRS_NOW","完成维修"
"TID_RELAY_DURATION","激活时长"
"TID_RELAY_DURATION_DESCR","货运中继在每个覆盖星区中激活的时长。"
"TID_RELAY_SHIPMENTS_PER_HOUR","每小时货量"
"TID_RELAY_SHIPMENTS_PER_HOUR_DESCR","在激活货运中继的每个星区中每小时自动运送的最大货物量。"
"TID_RELAY_ACTIVATE_PRICE","激活价格"
"TID_RELAY_ACTIVATE_PRICE_DESCR","在单个星区中激活货运中继所需的蓝星碎片碎片量。"
"TID_RELAY_FRAGMENTS_STORED","碎片库存"
"TID_RELAY_FRAGMENTS_STORED_DESCR","可用于激活中继站的蓝星碎片当前储量。"
"TID_RELAY_FRAGMENTS_MAX","最大碎片量"
"TID_RELAY_FRAGMENTS_MAX_DESCR","可储存在中继站里的最大蓝星碎片量。"
"TID_RELAY_MAX_SECTORS","最大星区数"
"TID_RELAY_MAX_SECTORS_DESCR","可同时激活货运中继站的最大星区数量。"
"TID_SPAWNER_DELAY","生成延迟"
"TID_SPAWNER_DELAY_DESCR","该星际跳跃门出现后，飞船生成所需的时间。"
"TID_SPAWNER_NUM_SPAWNED","船舰生成"
"TID_SPAWNER_NUM_SPAWNED_DESCR","该星际跳跃门会生成的冥犬船舰数量。"
"TID_SPAWNER_MAX_RADIUS","最大生成范围"
"TID_SPAWNER_MAX_RADIUS_DESCR","从星际跳跃门中心算起，冥犬船舰能生成的最远距离。"
"TID_SPAWNER_PROGRESS","正在生成船舰……"
"TID_EMP_RESIST","电磁脉冲抗性"
"TID_EMP_RESIST_DESCR","当使用电磁脉冲模组对抗此飞船时，瘫痪时间按此比例降低。"
"TID_LEADERBOARDS_DLG_TITLE","排行榜"
"TID_LEADERBOARDS_DLG_TOP_PLAYERS","顶级玩家"
"TID_LEADERBOARDS_DLG_TOP_CORPS","顶级星际集团"
"TID_LEADERBOARDS_DIALOG_COLUMN_NAME","名称"
"TID_LEADERBOARD_SHIP_XP","经验"
"TID_SHIP_STAT_XP","经验"
"TID_SHIP_STAT_XP_INFO","在白星中损伤其他玩家战斗舰可获得经验。"
"TID_SHIP_XP_EVENT_TITLE","船舰排行榜活动"
"TID_SHIP_XP_EVENT_ENDS_IN","结束于：{0}"
"TID_SHIP_XP_EVENT_INFO","派遣您的战斗舰从白星获取经验！\n\n对其他玩家战斗舰造成伤害即可获得经验。被摧毁的船舰将被移出排行榜。安装避难圣所模组的船舰将在被摧毁时失去所有已得到的经验。\n\n活动结束时，排名靠前的战斗舰的拥有者将赢得水晶：\n\n<quad class=''pc''> <color>{0}</color>\n排行前{4}：<quad class=''pc''> <color>{1}</color>\n排行前{5}：<quad class=''pc''> <color>{2}</color>"
"TID_SHIP_XP_EVENT_ENDED","活动已结束"
"TID_SHIP_XP_EVENT_AWARD","战斗舰排行榜活动已结束！您的船舰排行第{0}位。您已获得奖励：<quad class=''pc''><c3>{1}</color>"
"TID_PRIVATE_RS_EVENT_TITLE","私人红巨星活动"
"TID_PRIVATE_RS_EVENT_INFO","帮助您的星际集团在私人红巨星活动中获得成功，在排行榜上爬升！每次私人红巨星活动结束，基于红巨星等级、收集神器数量和击败冥犬船舰数量，您的星际集团都会获得一定点数。\n\n活动结束时，排名靠前星际集团的每位成员都能赢得水晶：\n\n排行前{3}：<quad class=''pc''> <color>{0}</color>\n排行前{4}：<quad class=''pc''> <color>{1}</color>\n排行前{5}：<quad class=''pc''> <color>{2}</color>"
"TID_PRIVATE_RS_EVENT_AWARD","私人红巨星活动已结束！您的星际集团排行第{0}位。您已获得奖励：<quad class=''pc''><c3>{1}</color>"
"TID_PRIVATE_RS_EVENT_SEASON_START","第{0}季将在{1}后开始"
"TID_BS_EVENT_SEASON","蓝星第{0}赛季"
"TID_BS_EVENT_SEASON_ENDS","{0}后结束"
"TID_BS_EVENT_INFO","参加蓝星任务，赢得恒星碎片，在赛季结束时收获水晶奖励。\n\n如果在赛季结束时，参与者获得的碎片数量超过定额，那么均可获得以下奖励：\n\n{0}个或更多碎片：<quad class=''pc''> <color>{3}</color>\n{1}个或更多碎片：<quad class=''pc''> <color>{4}</color>\n{2}个或更多碎片：<quad class=''pc''><color>{5}</color>\n\n此外，在活动结束时，冲进排行榜的玩家还能获得下列奖励：\n\n排行前{6}：<quad class=''pc''> <color>{9}</color>\n排行前{7}：<quad class=''pc''> <color>{10}</color>\n排行前{8}：<quad class=''pc''> <color>{11}</color>"
"TID_WS_EVENT_SEASON","白星第{0}赛季"
"TID_WS_EVENT_INFO","参加白星任务，赢得与您的贡献相对应的点数，在赛季结束时收获水晶奖励。\n\n如果在赛季结束时，参与者获得的点数超过定额，那么均可获得以下奖励：\n\n{0}点或更多点数：<quad class=''pc''> <color>{3}</color>\n{1}点或更多点数：<quad class=''pc''> <color>{4}</color>\n{2}点或更多点数：<quad class=''pc''><color>{5}</color>\n\n此外，在活动结束时，冲进排行榜的玩家还能获得下列奖励：\n\n排行前{6}：<quad class=''pc''> <color>{9}</color>\n排行前{7}：<quad class=''pc''> <color>{10}</color>\n排行前{8}：<quad class=''pc''> <color>{11}</color>"
"TID_LEADERBOARDS_SORT_BY_INFLUENCE","按影响力"
"TID_LEADERBOARDS_SORT_BY_FRAGMENTS","按碎片"
"TID_LEADERBOARDS_SORT_BY_WS_SCORE","按照白星得分"
"TID_LEADERBOARDS_SORT_BY_RELICS","按圣物"
"TID_LEADERBOARDS_SORT_BY_RS_SCORE","按红巨星分数"
"TID_INFLUENCE_DECAY_INFO","此排行榜上的玩家如果连续三天未能在自己最高等级的红巨星中取胜，那么每三天会丧失自己3%的影响力。"
"TID_BS_VIEW_LAST_SEASON","<a name=''last_season''>赛季{0}结果</a>"
"TID_BS_BACK_TO_CURRENT_SEASON","<a name=''current_season''>返回赛季{0}</a>"
"TID_WS_VIEW_LAST_SEASON","<a name=''ws_last_season''>赛季{0}结果</a>"
"TID_WS_BACK_TO_CURRENT_SEASON","<a name=''ws_current_season''>返回赛季{0}</a>"
"TID_IAP_DIALOG_TITLE","添加资源"
"TID_CRYSTAL_PACK","水晶包"
"TID_CRYSTAL_PACK_SMALL","小型"
"TID_CRYSTAL_PACK_MED","中型"
"TID_CRYSTAL_PACK_LARGE","大型"
"TID_CRYSTAL_PACK_HUGE","巨型"
"TID_CRYSTAL_PACK_EPIC","史诗"
"TID_IAP_SECTION_HYDROGEN","氢气"
"TID_IAP_SECTION_CREDITS","星币"
"TID_IAP_DIALOG_FILL_BY","补充{0}%"
"TID_IAP_RESOURCE_FULL","储存空间已满，无法购买"
"TID_CRYSTALS_ADDED","已添加{0}水晶"
"TID_STARTER_PACK","新手包"
"TID_STARTER_PACK_DESCR","限每账户一次"
"TID_STARTER_PACK_BENEFIT","永久效果：所有船舰的建造和升级价格均降低{0}%"
"TID_BOOSTER_PACK","水晶货物"
"TID_BOOSTER_PACK_HINT","超值每日水晶货运"
"TID_BOOSTER_PACK_DETAILS","• 每天出现一批价值为<quad class=''pc''>{1}的货物\n• 效果持续一周，您总共可获得<quad class=''pc''>{2}"
"TID_BOOSTER_PACK_ACTIVE","水晶货物已激活"
"TID_WAIT_FOR_BOOSTER_PACK","您必须等待货物计时终止才能再次购买该物品"
"TID_BOOSTER_PACK_FIRST_FREE","免费"
"TID_PURCHASE_SUCCESSFUL","您已成功购买"
"TID_CHAT_TAB_STAR_SYSTEM","恒星系统"
"TID_CHAT_TAB_CORPORATION","星际集团"
"TID_CHAT_TAB_GLOBAL","宇宙"
"TID_CHAT_SEND","发送"
"TID_CHAT_INPUT_PROMPT","点击此处开始聊天"
"TID_CHAT_GLOBAL_INFO","您在此发送的消息对所有玩家可见。千万不要泄露个人信息。请尊重他人，注意礼貌。"
"TID_CHAT_WHITESTAR_INFO","您在此发送的消息仅对自己星际集团成员可见。"
"TID_CHAT_PLAYER_JOIN","有新玩家加入星际集团。"
"TID_CHAT_PLAYER_LEFT","该玩家已离开星际集团。"
"TID_CHAT_JOINCORP_INFO","加入星际集团，与其他玩家分享知识和战术。\n\n加入星际集团也可访问白星和私人红巨星。"
"TID_CORP_UNLOCK_INFO","星际集团将在等级{0}解锁"
"TID_CHAT_SEARCH_ALLIANCES_BUTTON","推荐星际集团"
"TID_CHAT_ENTRY_JUMP","将一艘新船舰跳跃进系统中，靠近{0}"
"TID_CHAT_ENTRY_JOIN","加入了星际集团"
"TID_CHAT_ENTRY_LEFT","离开了星际集团"
"TID_CHAT_ENTRY_PROMOTED","已由{0}晋升"
"TID_CHAT_ENTRY_DEMOTED","已由{0}降职"
"TID_CHAT_ENTRY_KICK","已由{0}移出星际集团"
"TID_CHAT_ENTRY_CORP_SETTINGS_CHANGED","编辑了星际集团设置"
"TID_CHAT_ENTRY_REQUEST_JOIN","请求加入星际集团"
"TID_CHAT_ENTRY_DESTROYED_BASE","已摧毁了{0}附近的一个冥犬基地"
"TID_CHAT_ENTRY_COLONIZED","殖民了星球{0}"
"TID_CHAT_ENTRY_LOST_FLEET","于{1}附近损失了{0}"
"TID_CHAT_ENTRY_DESTROYED_CERB_FLEET","已摧毁了{0}附近的一支冥犬舰队"
"TID_CHAT_ENTRY_ABANDONED_SYSTEM","已放弃了该恒星系统。"
"TID_CHAT_ENTRY_SEARCH_PVP","已开始一次白星搜索"
"TID_CHAT_ENTRY_FLAGSHIP_CONTRIB","已为旗舰贡献了{0}星币。"
"TID_CHAT_ENTRY_SHARE_VIEW","分享了一个恒星系统视图"
"TID_CHAT_ENTRY_SEARCH_PVP_COMPLETE","您的星际集团发现了一个新白星。"
"TID_CHAT_ENTRY_CORP_LEVEL_UP","您的星际集团已升级至等级{0}"
"TID_CHAT_ENTRY_FLAGSHIP_LEVEL_UP","您的星际集团旗舰将在下次重新部署时升级至等级{0}。"
"TID_CHAT_ENTRY_FLAGSHIP_UNLOCKED","您的星际集团旗舰现已可部署。"
"TID_CHAT_ENTRY_SEARCH_PVP_CANCELLED","已取消了白星搜索。"
"TID_CHAT_REQUEST_ACCEPT","由{0}接受"
"TID_CHAT_REQUEST_REJECT","由{0}拒绝"
"TID_CHAT_REQUEST_CORP_FULL","失败 - 星际集团已满"
"TID_CHAT_REQUEST_FAIL_PLAYER_JOINED_ANOTHER","失败 - 玩家已参加另一个星际集团"
"TID_CHAT_POPUP_VIEW_LOCATION","查看位置"
"TID_STREAMENTRY_ALLIANCE_REQUEST_ACCEPT","接受"
"TID_STREAMENTRY_ALLIANCE_REQUEST_REJECT","拒绝"
"TID_STREAMENTRY_ALLIANCE_SHARE_SYSTEM_VIEW","查看"
"TID_CHAT_POPUP_REPORT_PLAYER","报告"
"TID_CHAT_POPUP_BLOCK_PLAYER","屏蔽"
"TID_CHAT_POPUP_REPORT_PLAYER_CONFIRM","您确定要报告{0}存在不适当或攻击性行为吗？"
"TID_CHAT_POPUP_VIEW_WS_SHIPS","下一艘船"
"TID_HUD_MSG_NO_SHIPS","玩家在该系统中没有船舰"
"TID_CHAT_REPORT_PLAYER_MODERATOR","作为管理员，您的操作会立即封禁玩家在24小时内不得使用宇宙聊天。"
"TID_CHAT_POPUP_REPORT_SENT","您的报告已发送"
"TID_CHAT_POPUP_PLAYER_BLOCKED","在应用重新加载之前，您将不再看到{0}发送的消息。"
"TID_CHAT_LOCAL_CHAT_LOCKED","聊天不可用"
"TID_CHAT_LOCAL_LOCKED_INFO","您尚未与该恒星系统拥有者建立外交关系。"
"TID_CHAT_WS_LOCKED_INFO","只有参与白星任务的星际集团才能使用白星聊天。"
"TID_CHAT_CORP_RED_STAR_SEARCH_IN_PROGRESS","正在搜索……"
"TID_CHAT_CORP_RED_STAR_IN_PROGRESS","红巨星任务进行中……"
"TID_CHAT_JOIN_IN_PROGRESS_CONFIRM","红巨星任务已在进行中。您确定要加入吗？"
"TID_CHAT_CORP_RED_STAR_ENDED","红巨星已发生超新星爆炸"
"TID_CHAT_ENTRY_STARTED_RED_STAR_SEARCH","开始了等级{0}红巨星搜索"
"TID_CHAT_ENTRY_JOIN_RED_STAR_SEARCH","加入"
"TID_CHAT_CANNOT_JOIN_RED_STAR_LEVEL","您要先升级红巨星扫描仪才能加入更高等级搜索"
"TID_CHAT_CANNOT_JOIN_RED_STAR_ALREADY_IN","您已经参加了一个红巨星任务"
"TID_CHAT_CANNOT_JOIN_TIMER","红巨星即将发生超新星爆炸，无法加入"
"TID_CHAT_CANNOT_JOIN_FULL","该红巨星已满员"
"TID_CHAT_ENTRY_VIEW_RED_STAR_IN_PROGRESS","查看"
"TID_CHAT_ENTRY_WATCH_OLD_RED_STAR_REPLAY","查看回放"
"TID_CHAT_ENTRY_REPLAY_SHARED","分享了一个回放"
"TID_SELECT_PING_LOCATION","选择该恒星系统中的一个地点并向其他玩家发送警报"
"TID_PING_DEFAULT_MESSAGE","快派我们的船舰来这里！"
"TID_PING_RATE_LIMITED","您不能过于频繁地发送警报"
"TID_CHAT_ENTRY_PING","发送了一个警报"
"TID_LOCAL_STAR_CHAT_DISABLED","该类型恒星不支持本地聊天。"
"TID_CORP_NOTIFICATIONS_TITLE","星际集团通知"
"TID_CORP_PRS_NOTIFICATION_LBL","发生下列事件时通知我："
"TID_CORP_PRS_NEW_RS_NOTIF","新的红巨星搜索（等级{0}）"
"TID_CORP_PRS_NEW_MESSAGE_NOTIF","星际集团成员新消息"
"TID_STAR_DLG_TITLE","当前恒星"
"TID_STAR_DLG_OBJECTIVES_TAB","恒星信息"
"TID_STAR_DLG_STARLOG_TAB","恒星日志"
"TID_STAR_GOALS_DESCR_HOMESTAR","该恒星指派给您，作为您在Hades宇宙中的行动主基地。您在此的目标是充分探索恒星，消灭所有冥犬舰队，建立扎实的经济基础结构。"
"TID_STAR_GOALS_DESCR_OTHER_PLAYER_HOMESTAR","该恒星属于另一位玩家。如果您与该玩家之间有外交关系，您可以派遣一定数量的船舰来此进行贸易，或帮助该玩家抗击冥犬舰队。"
"TID_STAR_GOALS_DESCR_REDSTAR","与其他玩家携手合作，摧毁冥犬船舰，获取红巨星中的神器。完成这两个目标，即可填充进度条。越过进度条阙值，您就可以在红巨星结束后获得影响力。"
"TID_STAR_GOALS_HOMESTAR_PCT_EXPLORED","已探索{0}%"
"TID_STAR_DLG_NO_LOG_ENTRIES","该恒星系统无可用日志条目"
"TID_STAR_TOTAL_CREDITS","此恒星系统货物中存有<color>{0}星币</color>。"
"TID_STAR_TOTAL_HYDRO","此恒星系统小行星带中存有<color>{0}氢气</color>。"
"TID_STAR_GOALS_DESCR_BLUESTAR","保持自己的战斗舰存活，直到其他所有玩家的战斗舰全部毁灭。这个恒星系统在不断由外向内坍缩。不慎落入坍缩区域的船舰将会被瞬间摧毁。"
"TID_BOMBER_HEATMAP_ENABLED","启用轰炸舰范围热图"
"TID_BOMBER_HEATMAP_DISABLED","禁用轰炸舰范围热图"
"TID_RELINK_WARP_LANE_SINGLE","重新连接1条太空曲道"
"TID_RELINK_WARP_LANES_MULTIPLE","重新连接{0}条太空曲道"
"TID_RELINK_WARP_LANE_CONFIRM","是否要将所有太空曲道枢纽重新接至最后一次连接？要进行重新连接，枢纽之前须进行过连接，且处于有效的位置。"
"TID_RELINK_SUCCESS","已完成太空曲道重新连接"
"TID_LOG_ENTRY_FLAGSHIP_SUMMONED","已召唤旗舰"
"TID_LOG_ENTRY_FLAGSHIP_JUMP_AWAY","已令旗舰跳离"
"TID_LOG_ENTRY_FLAGSHIP_DEPART_NOW","已令旗舰启航"
"TID_LOG_ENTRY_FLAGSHIP_CANCEL_WAYPOINT","已取消旗舰路径点"
"TID_LOG_ENTRY_FLAGSHIP_CANCEL_DEPART","已取消旗舰启航"
"TID_LOG_ENTRY_FLAGSHIP_ADD_WAYPOINT","已添加旗舰路径点"
"TID_LOG_ENTRY_FLAGSHIP_USE_MODULE","已激活旗舰上的{0}模组"
"TID_PLANET_UPGRADE_TITLE","升级{0}至等级{1}"
"TID_PLANET_UPG_CREDIT_STORE","星币储存空间"
"TID_PLANET_UPG_CREDIT_STORE_DESCR","您的帝国最大星币储存量的组成部分"
"TID_PLANET_UPG_HYDROGEN_STORE","氢气储存空间"
"TID_PLANET_UPG_HYDROGEN_STORE_DESCR","您的帝国最大氢气储存量的组成部分"
"TID_PLANET_UPG_SHIPMENT_YIELD","货物产量"
"TID_PLANET_UPG_SHIPMENT_YIELD_DESCR","该星球货物生成的星币奖励总量，按每小时调整"
"TID_PLANET_UPG_CREDIT_YIELD","星币产量"
"TID_PLANET_UPG_CREDIT_YIELD_DESCR","该星球每小时为您赚取的星币量"
"TID_PLANET_UPG_HYDROGEN_YIELD","氢气产量"
"TID_PLANET_UPG_HYDROGEN_YIELD_DESCR","该星球每小时为您赚取的氢气量"
"TID_PLANET_UPG_SPEED_UP_CONFIRM","立刻完成星球升级？"
"TID_CHANGE_NAME_TITLE","更改姓名"
"TID_CHANGE_NAME_PROMPT","输入您希望宇宙中其他玩家看到的名字："
"TID_CHANGE_NAME_WARNING","警告：玩家名只能修改一次"
"TID_CHANGE_PLANET_NAME_PROMPT","为该星球输入您希望的名称："
"TID_CHANGE_STATION_NAME_PROMPT","为太空站输入您希望的名称："
"TID_CHANGE_SHIP_NAME_PROMPT","为该船舰输入您希望的名称："
"TID_ERROR_NAME_TOO_SHORT","名称过短"
"TID_ERROR_NAME_TOO_LONG","名称过长"
"TID_ERROR_SHIP_TOO_LOW_LEVEL_TO_RENAME","您只能重新命名等级为{0}或更高等级的船舰"
"TID_INBOX_TITLE","消息"
"TID_INBOX_MSG_JUST_ARRIVED","刚才"
"TID_INBOX_TAB_INCOMING","收件箱"
"TID_INBOX_NEWS_TAB","新闻"
"TID_INBOX_TIMESTAMP","{0}之前"
"TID_INBOX_NO_MESSAGES","您没有收到消息。"
"TID_INBOX_INCOMING_DIPLOMACY_REQUEST","{0}想与您建立外交关系。通过您的太空外交站回应。"
"TID_INBOX_DIPLOMACY_REQUEST_ACCEPTED","{0}接受了您建立外交关系的请求"
"TID_INBOX_DIPLOMACY_REQUEST_REJECTED","{0}拒绝了您建立外交关系的请求"
"TID_INBOX_DIPLOMACY_TERMINATED","{0}已经中断了与您的外交关系"
"TID_INBOX_DELETE_MESSAGE","删除"
"TID_INBOX_KICKED","{0}已将您移出{1}星际集团"
"TID_INBOX_ALLIANCE_INVITE","{0}邀请您加入其星际集团：<a name=''corp''>{1}</a>"
"TID_DISTINCTION_PIONEER","先锋"
"TID_DISTINCTION_PIONEER_DESCR","该玩家在Hades宇宙发现之初就参与探索了"
"TID_DISTINCTION_TOP1","上将"
"TID_DISTINCTION_TOP1_DESCR","该玩家曾达到全球排行第1名"
"TID_DISTINCTION_TOP1_10D","督查"
"TID_DISTINCTION_TOP1_10D_DESCR","该玩家曾保持全球第1名的排名10天以上"
"TID_DISTINCTION_TOP1_30D","帝王"
"TID_DISTINCTION_TOP1_30D_DESCR","该玩家曾保持全球第1名的排名30天以上"
"TID_DISTINCTION_TOP10","总管"
"TID_DISTINCTION_TOP10_DESCR","该玩家曾达到全球排行前10名"
"TID_DISTINCTION_TOP50","指挥"
"TID_DISTINCTION_TOP50_DESCR","该玩家曾达到全球排行前50名"
"TID_INBOX_MESSAGE_DISTINCTION_UNLOCKED","恭喜，您已解锁了新头衔：{0}"
"TID_DISTINCTION_TOP1_DURATION","第1名排行已保持：{0}"
"TID_DISTINCTION_BS_TOP1","蓝星大师"
"TID_DISTINCTION_BS_TOP1_DESCR","该玩家在一个蓝星赛季中排行第1名。"
"TID_DISTINCTION_BS_TOP10","蓝星英雄"
"TID_DISTINCTION_BS_TOP10_DESCR","该玩家在一个蓝星赛季中打进了排行前10名。"
"TID_DISTINCTION_BS_TOP50","蓝星精英"
"TID_DISTINCTION_BS_TOP50_DESCR","该玩家在一个蓝星赛季中打进了排行前50名。"
"TID_DISTINCTION_WS_TOP1","白星大师"
"TID_DISTINCTION_WS_TOP1_DESCR","该玩家在一个白星赛季中排行第1名。"
"TID_DISTINCTION_WS_TOP10","白星英雄"
"TID_DISTINCTION_WS_TOP10_DESCR","该玩家在一个白星赛季中打进了排行前10名。"
"TID_DISTINCTION_WS_TOP50","白星老兵"
"TID_DISTINCTION_WS_TOP50_DESCR","该玩家在一个白星赛季中打进了排行前50名。"
"TID_REPLAY_FAILED","该回放已不可用"
"TID_REPLAY_ERROR","播放回放时发生了一个错误"
"TID_REPLAY_TIME_REMAINING","回放完成时间："
"NOTIF_PLANET_UPGRADE","星球已完成等级{0}升级"
"NOTIF_DIPLOMACY_REQUEST","{0}想与您的帝国建立外交关系"
"NOTIF_DIPLOMACY_ACCEPT","{0}接受了您建立外交关系的请求"
"NOTIF_DIPLOMACY_END","{0}中断了与您帝国之间的外交关系"
"NOTIF_MINER","您的采矿舰需要新的指令"
"NOTIF_SHIPMENTS","您所有星球上的货物均已满"
"NOTIF_NEW_SECTOR","您的恒星系统中已有新星区可用"
"NOTIF_ARTIFACT","您的太空研究站已完成所有神器的研究"
"NOTIF_NEW_RED_STAR","发现了新的红巨星"
"NOTIF_NEW_BLUE_STAR","发现了新的蓝星！"
"NOTIF_RED_STAR_JOINED","您已加入了正在进行中的红巨星行动"
"NOTIF_RED_STAR_ENDING","您的红巨星很快将发生超新星爆炸"
"NOTIF_MODULE_DONE","模组升级已完成"
"NOTIF_HYDROGEN_FULL","氢气储量已满。您的采矿舰已停止工作。"
"NOTIF_NEW_CRYSTAL_SHIPMENT","您的星球上有新的水晶货物可用"
"NOTIF_WHITE_STAR_JOINED","发现了新的白星"
"NOTIF_WHITE_STAR_PREP_OVER","已发现的白星的准备时间已结束"
"NOTIF_WHITE_STAR_ENDING","白星将在48小时内结束"
"NOTIF_OBJECTIVE_REFRESH","有新的目标可用"
"NOTIF_DAY1","您的帝国需要新的命令才能继续拓展黄星"
"NOTIF_BLUE_STAR_UPDATE","蓝星现已可访问！查看黄星中出现异象的详情。"
"NOTIF_PRIVATE_RS","{0}开始了新的等级{1}红巨星搜索"
"NOTIF_PLAYER_NAME_AND_MESSAGE","{0}发送了一条消息：{1}"
"TID_MONTH_1","1月{0}日"
"TID_MONTH_2","2月{0}日"
"TID_MONTH_3","3月{0}日"
"TID_MONTH_4","4月{0}日"
"TID_MONTH_5","5月{0}日"
"TID_MONTH_6","6月{0}日"
"TID_MONTH_7","7月{0}日"
"TID_MONTH_8","8月{0}日"
"TID_MONTH_9","9月{0}日"
"TID_MONTH_10","10月{0}日"
"TID_MONTH_11","11月{0}日"
"TID_MONTH_12","12月{0}日"
"TID_ALPHA_RETURN_GIFT","欢迎回来！\n\n作为回归的A测版本参与者，您已解锁“先锋”头衔。\n\n我们也向您的账户额外添加了500水晶，特别感谢您在早期帮助我们优化游戏。\n\n祝您享受在Hades宇宙中的旅程。感谢您的早期支持！\n\n- Hades' Star团队"
"TID_SUPPORT_CRYSTALS_ADDED","我们已审阅了您提交给客服的请求，并向您的账户添加了{0}水晶。非常抱歉为您造成了不便。\n\n- Hades' Star支持团队"
"TID_RELIC","圣物"
"TID_RELIC_DLG_TITLE","圣物"
"TID_NO_SHIPMENTS_WHITE_STAR","无可用圣物"
"TID_MORE_RELICS_TIMER","下个圣物出现时间："
"TID_PLANET_DESCR_GENERATING_RELIC","正在生成圣物"
"TID_STATUS_LOADING_RELIC","正在装载圣物"
"TID_NEW_RELIC_CREATED","已生成新的圣物"
"TID_NEW_RELICS_CREATED","已生成{0}个新圣物"
"TID_PARTIAL_PROGRESS_TO_NEW_RELIC","下个圣物进度+{0}%"
"TID_STAR_GOALS_DESCR_WHITESTAR","与您的星际集团成员合作，从这个濒死的白星上获取圣物。\n\n所有星球都会随时间逐渐生成圣物。搭载的运输舰跳跃出星系后，圣物即被视为已获取。\n\n采矿舰可通过在星球上存入氢气来加速圣物生成。\n\n该区域中可能有另一个星际集团活动。战斗舰将会向其他星际集团的船舰开火。"
"TID_WHITE_STAR_FOUND_HINT","与您的星际集团协调，决定向该白星派遣哪些船舰，帮助获取圣物。\n\n船舰在白星系统中移动十分缓慢。您派遣的船舰可能好多天都回不来。"
"TID_WHITE_STAR_SPECTATOR_INFO","作为旁观者，您不能向该白星派遣船舰。\n\n在搜索白星时，您必须名列参与者名单中，才能主动参与白星任务。"
"TID_WHITE_STAR_SCAN_HINT","如果所有参与者各派遣两艘船，白星任务将达到最佳效果。"
"TID_WHITE_STAR_LBL_PARTICIPANTS","合格参与者"
"TID_WHITE_STAR_LBL_ACTIVE_PARTICIPANTS","参与者"
"TID_WS_PARTICIPANTS_HINT","为了匹配侦测到的恒星大小，可能会排除列表底部的一些合格参与者。"
"TID_WS_NEXT_PARTICIPANT_LEVEL","增加合格参与者数量至{0}人，白星活动成功时就能赢取更多的奖励。"
"TID_SCANNING_WS","正在扫描白星"
"TID_WS_SCAN_TIME_HINT","搜索可能要花费数小时。白星任务将在找到白星{0}小时后开始。"
"TID_UNABLE_TO_USE_WS_SCANNER","无法扫描"
"TID_WS_NO_CORP","您必须加入一个星际集团才能使用白星扫描仪。"
"TID_WS_DIALOG_FIND_CORP","寻找星际集团"
"TID_WS_CANCEL_SEARCH","取消搜索"
"TID_WS_CANCEL_SEARCH_CONFIRM","您确定要取消搜索白星吗？"
"TID_WS_CANTSCAN_REASON_MEMBERS","您需要至少{0}位合格参与者才能开始白星任务。"
"TID_WS_CANTSCAN_REASON_NOT_OFFICER","准备就绪后，请您星际集团中的一位干事开始白星扫描。"
"TID_JUMP_CONFIRM_WS_CARGO_LOST","运输舰和采矿舰在跳跃至白星时会失去搭载的所有货物。是否确定？"
"TID_PLANET_INFO_RELIC_GENERATION_RATE","每日生成圣物"
"TID_PLANET_INFO_RELIC_GENERATION_RATE_DESCR","该星球独立生成的圣物量，按每天调整。"
"TID_PLANET_INFO_HYDRO_PER_RELIC","每圣物所需氢气"
"TID_PLANET_INFO_HYDRO_PER_RELIC_DESCR","在该星球上创造新圣物所需存入的氢气量。更少量的存入仍然会加速圣物生成。"
"TID_WHITE_STAR_PLANET_DESCR","该星球每天都会生成一定量的圣物。圣物可装载至运输舰上。用采矿舰在该星球上存入氢气会加速圣物生成。"
"TID_JUMP_CMD_ERROR_TRANSPORT_TOO_SMALL_FOR_WS","运输舰必须至少有{0}的货物容量才能跳跃至白星。"
"TID_WHITE_STAR_SEARCH_HINT_1","白星中的时间流逝非常缓慢。利用富余的时间与您的星际集团成员协调战略。"
"TID_WHITE_STAR_SEARCH_HINT_2","用采矿舰在白星星球上存入氢气会加速圣物生成。请确保您的采矿行动不受敌军火力威胁。"
"TID_WHITE_STAR_SEARCH_HINT_3","您只能向白星派遣少量船舰。建议您的星际集团提前协商好跳跃舰船的阵容与时间安排。"
"TID_WHITE_STAR_SEARCH_HINT_4","泊靠在星际集团返程星门的船舰会在白星发生超新星爆炸时自动跳跃回安全地带。"
"TID_WHITE_STAR_SEARCH_HINT_5","使用时间机器预览战斗结果，看看自己的船舰到达目的地时，恒星系统将处于何种状态。"
"TID_WHITE_STAR_SEARCH_HINT_6","与装备更重护盾的船舰相比，德尔塔护盾能让您的战斗舰更快抵达战略位置。"
"TID_WHITE_STAR_SEARCH_HINT_7","如果玩家能够参与新白星搜索，在星际集团成员列表中，他们的玩家序号旁边会出现一个淡色的白星图标。正在参加当前白星任务的玩家，序号旁会显示实色图标。"
"TID_WHITE_STAR_SEARCH_HINT_8","您的星际集团中白星任务参与成员越多，越有可能侦测到资源更丰富的白星。"
"TID_WHITE_STAR_SEARCH_HINT_9","您的运输舰在装载圣物时非常脆弱。做好计划，保护他们在整个装载期间不受伤害。"
"TID_WHITE_STAR_SEARCH_HINT_10","在白星中时，要与您星际集团的成员私密交流，请使用恒星系统聊天选项卡。这样，竞争集团的玩家就看不到您的消息。"
"TID_WHITE_STAR_SEARCH_HINT_11","您不能升级尚处于白星中的船舰和其模组。待处理的升级会在船舰返回后生效。"
"TID_CMD_ERROR_CANT_TELEPORT_IN_BARRIER","您无法瞬间传送至敌人屏障范围内"
"TID_WSDIALOG_OPTIN_LABEL","参与白星搜索："
"TID_WSDIALOG_OPTOUT_CONFIRM","您确定要退出白星搜索吗？您将不能参与自己星际集团未来的搜索。"
"TID_WS_PREPARATION_PERIOD","准备阶段"
"TID_WS_PREPARATION_ENDS_IN","结束于：{0}"
"TID_WS_PREPARATION_PERIOD_DESCR","在准备阶段，您可以让船舰先跳跃入系统，下达初步移动指令。准备时间结束后，船舰就会开始移动。\n\n使用这段时间与您的星际集团成员讨论战术。您也可以使用时间机器计划未来船舰指令。"
"TIC_CMD_CANT_USE_MODULE_IN_PREPARATION","在准备时无法激活模组"
"TID_WS_CANNOT_JUMP_MORE","您暂时不能跳跃更多此类船舰"
"TID_WS_CANNOT_JUMP_COOLDOWN","您必须等待冷却完成才能跳跃更多此类船舰"
"TID_WS_JUMP_SHIP_WARNING","白星中的时间流逝非常缓慢。您的船舰可能好多天都回不来。"
"TID_WS_HISTORIC_RESULTS","白星历史成果"
"TID_WS_ACTIVATE_MODULE_CONFIRM","立刻激活{0}？"
"TID_WS_REWARDS_MSG_WINNER","恭喜，您的星际集团取得了白星任务的胜利！您已获得下列资源：\n\n<quad class=''cr''> <c1>{0}</color>    <quad class=''fuel''> <c2>{1}</color>      "
"TID_WS_REWARDS_MSG_LOSS","白星任务已结束。您已获得下列资源：\n\n<quad class=''cr''> <c1>{0}</color>    <quad class=''fuel''> <c2>{1}</color>     "
"TID_WS_REWARDS_CRYSTALS","您的储存空间不足，无法储存在上次白星任务中获得的部分奖励。这些奖励已按较低的比率转换为水晶。您已获得<quad class=''pc''><c3>{0}</color>"
"TID_WS_REWARDS_OVERFLOW","您的储存空间不足，无法储存在上次白星任务中获得的部分奖励。您可以先腾出些空间，在3天之内领取这些奖励。\n\n<quad class=''cr''> <c1>{0}</color>   <quad class=''fuel''> <c2>{1}</color>"
"TID_WS_REWARDS_MSG_DELETE_CONFIRM","此消息中包含尚未领取的奖励。您确定要删除吗？"
"TID_WS_REWARDS_OVERFLOW_WARNING","您的储存空间不足，无法容纳所有奖励。您确定要现在领取奖励吗？"
"TID_INFLUENCE_DECAY","由于过久未取得红巨星胜利，您已失去部分影响力。请务必每三天取得至少一次红巨星胜利，该红巨星须为您的扫描仪能搜索到的最高等级，以避免影响力惩罚。\n\n<quad class=''influence''> <c5>-{0}</color>"
"TID_JUMP_FAIL_NOT_IN_CORP","无法进行跳跃。您不属于任何正在参与的星际集团。"
"TID_JUMP_FAIL_DISABLED","已瘫痪船舰无法进行跳跃。"
"TID_JUMP_FAILED_MODULE_PREP","模组激活时无法进行星际跳跃。"
"TID_STAR_TIME_SLOWDOWN","时间放缓"
"TID_STAR_TIME_SLOWDOWN_DESCR","这颗恒星中的时间流逝比正常速度慢。黄星上的一秒钟相当于这里的{0}秒钟。"
"TID_SHOW_WS_STAT_VALUES","显示白星数据"
"TID_SHOW_BS_STAT_VALUES","显示蓝星价值"
"TID_WS_VERSUS_BRACKET","{0} vs {0}"
"TID_CORP_LEVELS_LABEL","星际集团等级"
"TID_CORP_LEVEL_TITLE","等级{0}"
"TID_CORP_MAX_MEMBERS","最大成员数"
"TID_CORP_PASSIVE_INCOME_BONUS","被动额外收入"
"TID_CORP_ARTIFACT_YIELD_BONUS","私人红巨星神器研究额外奖励"
"TID_CORP_MAX_FLAGSHIP_LEVEL","最大旗舰等级"
"TID_CORP_NEW_FLAGSHIP_MODULE","新旗舰模组"
"TID_MSG_WHITE_STAR_BRACKET_NOT_SUPPORTED","白星任务已不再支持{0}对{0}槽位，您的白星搜索已取消。欲知更多信息，请参见blog.hadesstar.com上的发布说明。"
"TID_WS_SCANNER_SLOT_1","槽位1"
"TID_WS_SCANNER_SLOT_2","槽位2"
"TID_WS_LABEL_STANDINGS","得分"
"TID_WS_LABEL_REWARDS_PROGRESS","奖励进度"
"TID_WS_LABEL_REWARDS_PROGRESS_DESCR","要填满活跃度计量槽，需对敌人战斗舰造成<color=''red''>伤害</color>，存储<color=''#8C65FEFF''>氢气</color>或将<color=''#FFB800FF''>圣物</color>运送出星系。\n\n填满活跃度计量槽，并取得该白星任务的胜利，将奖励最大化。"
"TID_WS_OBJECTIVE","白星目标"
"TID_WS_LABEL_SPECTATE","广播"
"TID_WS_TOGGLE_SPECTATE","允许旁观"
"TID_WS_TOGGLE_SPECTATE_DESCR","如果两个参与星际集团均启用这个选项，该恒星将出现在已激活白星对话中，可供任何人查看。"
"TID_CORP_FLAGSHIP_LABEL","星际集团旗舰"
"TID_CORP_FLAGSHIP_CURRENT_LOCATION","当前恒星"
"TID_CORP_FLAGSHIP_NO_LOCATION","无"
"TID_CORP_FLAGSHIP_NO_LOCATION_HINT","任何干事都可以召唤旗舰，通过星际集团的入口星际跳跃门，前往当前活动的白星。"
"TID_CORP_FLAGSHIP_LOCKED","从白星中取得您第一件圣物，就有机会解锁属于自己星际集团的旗舰！\n\n旗舰是一种战斗舰，可以派往白星任务作战，每次只能部署给一个白星任务。任何星际集团干事都能控制旗舰。"
"TID_CORP_FLAGSHIP_UNLOCK_TITLE","解锁办法"
"TID_CORP_FLAGSHIP_UPGRADE_TITLE","升级办法"
"TID_CORP_FLAGSHIP_UPGRADE_PROMPT","每一位星际集团成员都可以贡献星币，用于升级旗舰。在达到所需的星币量后，旗舰下一次部署时就会应用升级。超过所需的捐款会被存储起来，用于下一次升级。"
"TID_CORP_FLAGSHIP_UNLOCK_PROMPT","每一位星际集团成员都可以贡献星币，用于解锁旗舰。在达到所需的星币量后，旗舰就会自动解锁。超过所需的捐款会被存储起来，用于下一次升级。"
"TID_CORP_FLAGSHIP_CONTRIBUTE_CONFIRM","您确定想为旗舰捐献星币吗？如果您离开星际集团，将无法获得退款。"
"TID_CORP_FLAGSHIP_CONTRIB_SHOW_CHAT_ENTRY","在星际集团聊天中显示捐献情况。"
"TID_CORP_FLAGSHIP_UPGRADE_RELIC_PROGRESS","收集更多的圣物，就有机会解锁新的旗舰等级。"
"TID_CORP_FLAGSHIP_TIMEOUT_LABEL","离旗舰可用还剩："
"TID_CORP_FLAGSHIP_TIMEOUT_TITLE","旗舰冷却"
"TID_CORP_FLAGSHIP_TIMEOUT_HINT","跳跃出白星后，旗舰会进行一次小型冷却，如果被摧毁，冷却时间会延长。在冷却期间，旗舰会被完全修复。"
"TID_FLAGSHIP_LEVEL","等级{0}"
"TID_FLAGSHIP_LOCKED","锁定"
"TID_CORP_FLAGSHIP_STATS_LABEL","升级属性"
"TID_CORP_FLAGSHIP_STAT_MODULE_LEVEL","模组等级（{0}）"
"TID_WS_ONGOING_TITLE","已激活白星"
"TID_WS_ONGOING_NOSTARS","找不到恒星。"
"TID_WS_ENDED","比赛已结束"
"TID_WS_VISIT","查看恒星"
"TID_WS_REPLAY","查看回放"
"TID_TIME_MACHINE","时间机器"
"TID_TIME_MACHINE_MINUTES_INTO_FUTURE","现在起{0}分钟后"
"TID_TIME_MACHINE_HOURS_INTO_FUTURE","现在起{0}小时后"
"TID_TIME_MACHINE_MINUTES_INTO_PAST","{0}分钟之前"
"TID_TIME_MACHINE_HOURS_INTO_PAST","{0}小时之前"
"TID_TIME_MACHINE_HINT","时间机器会向您展示白星的许多可能未来之一。机器不考虑冥犬舰队战术、其他玩家行为或不可预测的模组，如命中注定模组。\n\n您也可以使用该界面计划未来船舰指令。时间机器会考虑您星际集团成员的所有计划指令。"
"TID_FCMD_CANT_SCHEDULE","无法计划该指令。"
"TID_FCMD_ORDER_LIMIT_REACHED","您无法计划更多指令"
"TID_FCMD_WAYPOINT_DOESNT_EXIST_YET","不可将路径点设至尚不存在的目的地。"
"TID_FCMD_UNKNOWN_SHIP","[未知船舰]"
"TID_FCMD_MOVE_TO","移动至{0}"
"TID_FCMD_ACTIVATE_MODULE","激活{0}"
"TID_FCMD_JUMP_OUT","跳跃离开"
"TID_SCHEDULED_ORDERS","已计划指令"
"TID_TIMEMACHINE_BUTTON_NOW","当前时间"
"TID_TM_OBJECT_UNPREDICTABLE","该船舰正处于无法预测的状态，不能接收更多计划指令。"
"TID_TM_COMMAND_TOO_EARLY","命令时间过于接近当前时间，无法计划命令。"
"TID_EMPIRE_OBJECTIVES","目标"
"TID_OBJ_CLAIM_REWARD","获取奖励"
"TID_OBJ_CLAIM_WARNING","储存空间不足，无法获取所有奖励。部分资源将会失去。您确定要立刻获取奖励吗？"
"TID_OBJ_PROGRESS_TITLE","进度："
"TID_OBJ_REPLACEMENT_OBJECTIVE_IN","替换目标可用时间："
"TID_OBJ_REPLACE","立刻替换"
"TID_NEW_OBJECTIVE_TIMER","新目标可用时间："
"TID_NEW_OBJECTIVE_RUSH","立即刷新新目标"
"TID_NEW_OBJECTIVE_RUSH_CONFIRM","您确定要替换该目标吗？"
"TID_OBJECTIVE_SHOW_HOW","立刻显示"
"TID_OBJ_SHOWHOW_HINT","如果在进行最初几个目标时，您需要额外的帮助，请启用“向我展示”"
"TID_NO_OBJECTIVES","您当前没有目标可用。"
"TID_OBJ_LEVEL_INFO","在时间耗尽前完成这个目标将解锁奖励更高、难度更大的目标。"
"TID_OBJ_UPGRADE_BUILDING","升级太空站"
"TID_OBJ_UPGRADE_BUILDING_DESCR","升级您的{0}至等级{1}。"
"TID_OBJ_JOIN_CORP","加入一个星际集团"
"TID_OBJ_JOIN_CORP_DESCR","加入一个已有的星际集团，或创建新集团。"
"TID_OBJ_JOIN_CORP_HINT","点击屏幕边缘的蓝色箭头打开聊天窗口，然后选择星际集团选项卡。"
"TID_OBJ_RESEARCH_ARTIFACTS","神器研究"
"TID_OBJ_RESEARCH_ARTIFACTS_DESCR","研究{0} x {1}（或更高等级）。"
"TID_OBJ_SALVAGE_ARTIFACTS","神器分解"
"TID_OBJ_SALVAGE_ARTIFACTS_DESCR","分解{0} x {1}（或更高等级）。"
"TID_OBJ_DESTROY_CERBERUS","摧毁冥犬船舰"
"TID_OBJ_DESTROY_CERBERUS_DESCR","摧毁{0}个{1}。"
"TID_OBJ_MINE","采集氢气"
"TID_OBJ_MINE_DESC","在您的星球上存入总计{0}单位的氢气。"
"TID_OBJ_MINE_RS","在红巨星中采集氢气"
"TID_OBJ_MINE_RS_DESC","从红巨星周遭小行星带采集总计{0}单位的氢气。总量会在采矿舰通过跳跃门从红巨星返回时更新。"
"TID_OBJ_MINE_HINT","向小行星带派遣任何采矿舰。即便是您离线时，采矿舰也会自动工作。"
"TID_USE_TRADE_MODULE","使用交易模组"
"TID_USE_SUPPORT_MODULE","使用支持模组"
"TID_USE_MINING_MODULE","使用采矿模组"
"TID_USE_SHIELD_MODULE","使用护盾模组"
"TID_USE_SHIPMENT_COMPUTER","使用货运计算机自动装载{0}批货物。"
"TID_USE_SHIPMENT_DRONE","使用运输无人舰获得{0}星币的货运额外奖励。"
"TID_USE_TRADEBOOST","使用贸易增效或贸易爆发，获得{0}星币额外奖励。"
"TID_USE_EMP","使用电磁脉冲使{0}艘敌舰瘫痪。"
"TID_USE_REPAIR","使用远程维修为其他玩家船舰恢复{0}点船体强度点数。"
"TID_UPLOAD_HYDRO_RS","使用氢气上传从红巨星中传输总计{0}单位的氢气。"
"TID_USE_CRUNCH","使用矿物粉碎采集总计{0}单位的氢气。"
"TID_OBJECTIVE_EXPLORE_SECTOR","向您恒星系统中的新星区拓展，对维持健康的经济非常重要。所有新星区都会有更多小行星带可供采集氢气，有的还会有可殖民的星球。"
"TID_OBJECTIVE_DELIVER_SHIPMENTS","您可使用运输舰在星球、卫星和太空站之间运送货物。\n\n您可通过货运获得关键的资源，用来增建基础设施，在恒星系统中航行地更远。"
"TID_OBJECTIVE_RS_TITLE","完成一次红巨星任务"
"TID_OBJECTIVE_RS_MSG","在红巨星发生超新星爆炸之前，使用战斗舰和运输舰获取一个神器。"
"TID_OBJECTIVE_RS_DETAILS","经常进行红巨星任务非常重要，能发展您的经济和科技。在这些任务中获取的神器可供研究，以解锁新的模组，装备到您的船舰上。"
"TID_OBJECTIVE_DO_RESEARCH","研究一个神器"
"TID_OBJECTIVE_DO_RESEARCH_DESCR","建立一个太空研究站，运送并研究您在红巨星中取得的神器。"
"TID_OBJECTIVE_DO_RESEARCH_TUT_TEXT","从红巨星中获得的神器可存于太空研究站。神器储存后会自动开始研究。"
"TID_OBJECTIVE_DO_INSTALL_MODULE","安装一个模组"
"TID_OBJECTIVE_DO_INSTALL_MODULE_DESCR","在2艘运输舰上安装最近发现的货舱拓展模组。"
"TID_OBJECTIVE_DO_INSTALL_MODULE_TUT_TEXT","研发的模组仍需要单独安装到船舰上。"
"TID_OBJ_DELIVER_SHIPMENTS","运送货物"
"TID_OBJ_DELIVER_SHIPMENTS_DESCR","使用运输舰运送{0}个星球货物。"
"TID_OBJECTIVE_UPGRADE_PLANET","升级您的星球"
"TID_OBJECTIVE_UPGRADE_PLANET_DESCR","升级{0}至等级{1}。"
"TID_OBJECTIVE_UPGRADE_PLANET_HINT","选择您的星球，然后点击屏幕底部的升级键。"
"TID_OBJECTIVE_UPGRADE_SHIPYARD_HINT","选择您的船坞，然后点击屏幕底部的升级键。"
"TID_OBJECTIVE_UPGRADE_TO_RS","解锁更高等级的红巨星"
"TID_OBJECTIVE_UPGRADE_TO_RS_DESCR","升级您的红巨星扫描仪至等级{0}。"
"TID_OBJECTIVE_UPGRADE_TO_RS_HINT","选择您的红巨星扫描仪，然后点击屏幕底部的升级键。"
"TID_OBJECTIVE_GAIN_INFLUENCE","获得影响力"
"TID_OBJECTIVE_GAIN_INFLUENCE_DESCR","通过完成红巨星任务获得总计{0}的影响力。"
"TID_OBJECTIVE_GAIN_INFLUENCE_HINT","从您的红巨星扫描仪开始一次新的红巨星搜索。侦测到恒星后，派遣战斗舰和运输舰，击败冥犬舰队，获取神器。您会在红巨星发生超新星爆炸后获得影响力奖励。"
"TID_OBJ_UPGRADE_MINER","升级采矿舰"
"TID_OBJ_UPGRADE_MINER_DESCR","将您的采矿舰模板升级至等级{0}。"
"TID_OBJ_UPGRADE_MINER_HINT","选择您的船坞，然后点击屏幕底部的建造键。在采矿舰按钮的底部选择升级设计。"
"TID_OBJ_SHIPMENTS_HINT","向星球和卫星派遣运输舰，装载货物。星球上方的填充条显示了星球上的货物数量。\n\n使用运输舰装载货物后，选择运输舰，将其移动到闪动的货物目的地。"
"TID_OBJ_REVEAL_SECTOR","探索新星区"
"TID_OBJ_REVEAL_SECTOR_DESCR","使用您的短距扫描仪，在您的恒星系统中发现一个新的星区。"
"TID_OBJ_REVEAL_SECTOR_HINT","选择您的短距扫描仪，然后点击屏幕底部的揭示键。"
"TID_OBJ_CLEAR_CERB_HOME_STAR","消灭冥犬势力"
"TID_OBJ_CLEAR_CERB_HOME_STAR_DESCR","消灭您恒星系统中所有的冥犬船舰。"
"TID_OBJ_CLEAR_CERB_HOME_STAR_HINT","将您的战斗舰派遣至红色的冥犬船舰附近，消灭它们。抱团的战斗舰获胜几率更高。\n\n如果您的船舰上限不足以建造更多的战斗舰，请升级您的船坞。"
"TID_OBJECTIVE_REACH_INFLUENCE_DESCR","达到总计{0}的影响力。"
"TID_OBJ_RESEARCH_HINT","从您的红巨星扫描仪开始一次红巨星搜索。派遣您的战斗舰和运输舰从星球获取需要的神器。将神器带回至您的太空研究站，自动开始研究。"
"TID_OBJ_SALVAGE_HINT","从您的红巨星扫描仪开始一次红巨星搜索。派遣您的战斗舰和运输舰从星球获取需要的神器。将神器带回至您的太空研究站，可以进行分解并回收利用。"
"TID_USE_DESTINY_NO_SANCT","在等级{1}或更高的红巨星中使用{0}次命中注定。船舰上不得装备避难圣所。"
"TID_DELIVER_SHIPMENT_BATCH","运送货物"
"TID_DELIVER_SHIPMENT_BATCH_DESCR","装载至少{0}个目的地相同的货物，然后进行运送。重复{1}次。"
"TID_USE_ALPHA_ROCKET","使用阿尔法火箭对敌舰造成总计{0}的伤害。"
"TID_USE_ENTRUST","使用委任模组，传送数量总计为{0}的等级{1}神器，至处于等级{2}红巨星中的其他玩家船舰。"
"TID_PT_UPGRADE_PLANETS","升级星球"
"TID_PT_UPGRADE_PLANETS_DESCR","将您所有的星球升至等级5。"
"TID_PT_UPGRADE_PLANETS_HINT","选择每个的星球，然后点击屏幕底部的升级键。如果您需要更多星币完成升级，可以使用自己的运输舰运送更多的货物。"
"TID_PT_FILL_RESEARCH","填满太空研究站"
"TID_PT_FILL_RESEARCH_DESCR","用从红巨星中获得的神器填满太空研究站。"
"TID_PT_FILL_RESEARCH_HINT","要获得神器，选择您的红巨星扫描仪，点击底部的扫描仪状态。在新的窗口中，开始一次新的红巨星搜索。\n\n将您的战斗舰和运输舰移动至扫描仪处，然后使用星际跳跃键跳跃至红巨星。\n\n在红巨星中，使用您的运输舰从星球上装载神器，并将它们运回太空研究站。"
"TID_CONSTRUCT_SPACE_STATION","建造太空站"
"TID_OBJ_SECOND_SRS_DESCR","建造第二个短距扫描仪。"
"TID_OBJ_SECOND_SRS_HINT","选择一颗等级为3或更高的星球。点击屏幕底部的建造键。向下滚动建造列表，选择短距扫描仪。"
"TID_OBJ_BUILD_TIME_MODULATOR_DESCR","建造时间调制器。"
"TID_OBJ_BUILD_TIME_MODULATOR_HINT","选择一颗等级为6或更高的星球。点击屏幕底部的建造键。向下滚动建造列表，选择时间调制器。"
"TID_OBJ_EARN_CREDITS","赚取星币"
"TID_OBJ_EARN_CREDITS_DESCR","通过运送星球或卫星货物赚取总计为{0}的星币。"
"TID_OBJ_INSTALL_MODULE","安装模组"
"TID_OBJ_INSTALL_MODULE_DESCR","研究火炮武器并将其安装至一艘战斗舰上。"
"TID_OBJ_INSTALL_MODULE_HINT","点击屏幕左下角按键，打开科技窗口。向下滚动到武器一项，然后选择火炮模组。选择解锁。\n\n模组研究完成后，选择一艘战斗舰，点击模组。选择一个武器栏位，然后点击替换。从安装列表中选择新研发的火炮模组。"
"TID_USE_SALVAGE","使用回收利用，恢复您船舰{0}单位的船体船体强度。"
"TID_USE_SHIPMENTBEAM","使用货运光束，远程装载{0}批货物。"
"TID_USE_BLASTSHIELD","使用防爆护盾，吸收{0}单位的区域性伤害。"
"TID_USE_MININGDRONE","使用采矿无人机交付{0}单位的氢气。"
"TID_USE_GENESIS","使用创世纪创造{0}个新的小行星带。"
"TID_USE_OFFLOAD","使用卸货交付{0}批货物。"
"TID_WIN_BS_WITH_MODULE","巧用模组赢得蓝星胜利"
"TID_WIN_BS_WITH_MODULE_DESCR","使用装备{0}的战斗舰赢得一场蓝星任务。"
"TID_EARN_FRAGMENTS","赢取蓝星碎片"
"TID_EARN_FRAGMENTS_DESCR","通过参加蓝星任务，赢得总计{0}个恒星碎片。"
"TID_PC_SHIPS_LIST","船舰列表"
"TID_RETURN_HOME_TOOLTIP","返回母星"
"TID_VISIT_WS_TOOLTIP","前往白星"
"TID_VISIT_RS_TOOLTIP","前往红巨星"
"TID_VISIT_BS_TOOLTIP","前往蓝星"
"TID_TOGGLE_CHAT_TOOLTIP","切换聊天"
"TID_VERT_SYNC","垂直同步"
"TID_UI_SCALE","用户交互界面尺寸"
"TID_LIMIT_FRAMERATE","限制帧数"
"TID_CONFIGURE_CONTROLS","配置控件"
"TID_VIEW_CONTROLS","查看控件"
"TID_CONTROLS_DIALOG","控件"
"TID_CTRL_DLG_SELECTION_INFO","选择信息"
"TID_CTRL_DLG_SEL_ACTION_1","选择动作 1"
"TID_CTRL_DLG_SEL_ACTION_2","选择动作 2"
"TID_CTRL_DLG_ACTIVATE_MODULE_1","激活模组 1"
"TID_CTRL_DLG_ACTIVATE_MODULE_2","激活模组 2"
"TID_CTRL_DLG_SAVE_SHIP","保存在栏位#中选定的船舰"
"TID_CTRL_DLG_RECALL_SHIP","选择在栏位#中保存的船舰"
"TID_CTRL_DLG_CAMERA_UP","向上移动镜头"
"TID_CTRL_DLG_CAMERA_DOWN","向下移动镜头"
"TID_CTRL_DLG_CAMERA_LEFT","向左移动镜头"
"TID_CTRL_DLG_CAMERA_RIGHT","向右移动镜头"
"TID_CTRL_DLG_OPEN_TECH","打开科技对话框"
"TID_CTRL_DLG_OPEN_LDB","打开排行榜对话框"
"TID_CTRL_DLG_OPEN_MESSAGES","打开消息对话框"
"TID_CTRL_DLG_OPEN_CURRENT_STAR","打开当前恒星对话框"
"TID_CTRL_DLG_OPEN_YOUR_EMPIRE","打开您的帝国对话框"
"TID_CTRL_DLG_OPEN_ADD_RESOURCES","打开添加资源对话框"
"TID_CTRL_DLG_GOTOACTIVE_RS","前往活跃的红巨星"
"TID_CTRL_DLG_GOTOACTIVE_BS","前往活跃的蓝星"
"TID_CTRL_DLG_GOTOACTIVE_WS","前往活跃的白星"
"TID_CTRL_DLG_RETURN_HOME","返回母星"
"TID_CTRL_SELECT_SHIPYARD","选择船坞"
"TID_CTRL_SELECT_RESEARCH","选择太空研究站"
"TID_CTRL_SELECT_RS_SCANNER","选择红巨星扫描仪"
"TID_CTRL_SELECT_BS_SCANNER","选择蓝星扫描仪"
"TID_CTRL_SELECT_WS_SCANNER","选择白星扫描仪"
"TID_CTRL_SELECT_RELAY","选择货运中继"
"TID_CTRL_SELECT_MODULATOR","选择时间调制器"
"TID_CTRL_ZOOMIN","放大"
"TID_CTRL_ZOOMOUT","缩小"
"TID_CTRL_NEXT_SELECTION","下一个选择"
"TID_CTRL_PREV_SELECTION","上一个选择"
"TID_CTRL_REPLAY_FF","回放快进"
"TID_CTRL_REPLAY_REWIND","回放快退"
"TID_CTRL_SHOW_SHIP_MODULES","显示所有船舰模组"
